filename,label,mean,std_dev,skewness,kurt,num_blobs,mean_blob_size,lbp_entropy,gradient_orientation_entropy,mean_gradient_magnitude,num_regions,std_region_area,mean_eccentricity,mean_region_area,fft_bin_1,fft_bin_2,fft_bin_3,lbp_hist_0,lbp_hist_1,lbp_hist_2,lbp_hist_3,lbp_hist_4,hu_moment_0,hu_moment_1,hu_moment_2
8.jpg,Uniform,0.9333469,0.095773965,-8.567439079284668,79.95779,62,6.145161290322581,2.92632194235011,2.8624066867991784,0.0620943509390942,71,2872.9010752852805,0.4673940498335024,389.943661971831,968.654704595186,587.128130821776,374.587833511206,0.0168355855855855,0.0436749249249249,0.0164789789789789,0.1192379879879879,0.1134759759759759,2.8018781839057243,5.673183501340982,6.999997550980196
7.jpg,Uniform,0.93985,0.046822604,-12.82052230834961,253.65689,59,5.237288135593221,2.4097576984041567,2.7570668923691737,0.0465274990334029,27,3133.176676321974,0.7216347057762579,883.6296296296297,587.5889257235015,360.674413691105,181.602787456446,0.0019304281345565,0.0145642201834862,0.0025611620795107,0.1442851681957186,0.0624808868501529,2.8031458521742487,5.675701493665015,6.999994659041486
10.jpg,Uniform,0.09627832,0.0447283,1.5147027969360352,15.759722,0,0.0,2.099211588907796,2.702558706143848,0.0141847871509276,28,2606.6808541237074,0.6453305943096078,681.8214285714286,33.8656863624137,19.431900021181956,14.023767605633802,0.0082686335403726,0.0172360248447204,0.002639751552795,0.07715450310559,0.0383152173913043,1.825563825302869,3.7753806536643992,6.755815712994367
1.jpg,Uniform,0.4830914,0.30276895,-0.3078384101390838,-1.6149054,30,7.4,2.0331789918005767,2.822666134468361,0.0285839983591408,1,0.0,0.9318735031134432,21006.0,248.67277268942547,104.04532135182652,61.34312525499796,0.0036852571470271,0.0116395745534818,0.0022987247550763,0.0963822450878441,0.0425993833579625,2.704224980910032,5.534855617208835,6.993660761243544
4.jpg,Uniform,0.47978568,0.2829124,-0.3036296367645263,-1.5565066,25,8.04,2.1444618818852583,2.80970015437456,0.0309902791264054,1,0.0,0.9361464901018306,19122.0,236.4381402679275,100.853098166628,71.76061776061776,0.0040629544093747,0.0124882388161833,0.0028440680865623,0.0996279189119835,0.0505089384997006,2.6657288714899345,5.447859337891257,6.989468085450875
11.jpg,Uniform,0.30771956,0.036979225,1.889927864074707,18.981985,38,3.789473684210526,2.824900131391545,2.8907955762562687,0.0257651265820434,74,1484.176238220833,0.5157754775044702,237.3108108108108,125.94693406690922,66.96836371254976,41.77739054672185,0.0153712966525586,0.0421700654097729,0.0158907272027702,0.114851866102347,0.0812427856868026,2.325021672636632,4.749782602905661,6.997166367499539
2.jpg,Uniform,0.54268366,0.27256057,-0.2917803525924682,-1.6185013,35,6.685714285714286,2.661570453193966,2.905889691071138,0.0358679554805658,3,9816.056336431651,0.3105918485548413,6942.0,326.69927296761404,150.9320987654321,98.72119862320308,0.0113451308218434,0.0322440560199761,0.0136069192631997,0.0903086888864763,0.0952665291499294,2.66094872100697,5.4259731237391176,6.989893666132894
5.jpg,Uniform,0.5168869,0.24348013,-0.2926196157932281,-1.5608366,34,6.441176470588236,2.736947975760605,2.911707693821003,0.0371704958264956,4,8161.279231070335,0.4380421852344361,4714.25,265.2282545242265,138.64951768488746,83.68966340415373,0.0121406021569167,0.0344089666716104,0.0154882725596965,0.1003877365086764,0.0968705638070216,2.6159813096353663,5.3284499810087365,6.985005336390991
6.jpg,Uniform,0.5373965,0.2901439,-0.2196200042963028,-1.6207151,32,6.46875,2.0494295414391064,2.840266543710604,0.0340019214124234,1,0.0,0.9352411006240368,17402.0,268.8483857785043,115.13060240963856,72.26813406703351,0.0034913269252016,0.0115346370566788,0.0021655065738592,0.0773395204949729,0.0612749972378742,2.656498711299236,5.409862922615548,6.986551323534789
3.jpg,Uniform,0.5403617,0.23859386,-0.2399278581142425,-1.6582025,30,7.6,1.9414410974739664,2.866024227695552,0.0294470724096537,4,8373.744125986894,0.7195082519011093,4838.25,260.8219931271478,112.35253689104508,72.08947035239503,0.0035702206020519,0.0102596865722124,0.0018226915705212,0.0786575970536284,0.054079446803713,2.611594479092531,5.314554490821767,6.987436084844148
12.jpg,Uniform,0.2500848,0.046148967,1.934980511665344,21.738117,13,3.923076923076923,2.1987391668841454,2.800602882543801,0.0208833934784888,28,2729.417224931927,0.6115581105104063,709.5714285714286,97.63786381358236,55.23491655969191,42.18779134295227,0.008930669800235,0.0166862514688601,0.0025851938895417,0.0899138268703486,0.044770857814336,2.230137691998347,4.5615598989464266,6.991320718235163
9.jpg,Uniform,0.9227698,0.056189172,-9.539931297302246,152.29167,63,5.619047619047619,2.555624272815838,2.7509267349034787,0.0503307295082226,27,3117.921428719026,0.7747128382713865,868.9629629629629,597.7954131780124,310.4268214055448,209.8288746407252,0.0020964360587002,0.0168685456945415,0.0041346377824365,0.1418782514170354,0.1090340864973988,2.788076613388152,5.644236783056046,6.999987900190111
20.jpg,Channeling,0.8711724,0.041396454,-0.6557828187942505,15.544598,62,5.612903225806452,2.901832743405277,2.7796679197789693,0.0475033284395116,37,2575.8071419328803,0.6272010435039578,633.0,506.0012105490705,270.82434357826173,186.0139978791092,0.0109546755006776,0.0394142448426441,0.015773226923656,0.1325478090648998,0.1258093660593284,2.81488797983038,5.723635671987216,6.999998896336322
14.jpg,Channeling,0.88153553,0.054175276,-3.4002394676208496,50.36798,67,5.82089552238806,2.92437014162399,2.803896218174827,0.0471384861071122,23,5165.781035342475,0.6075999517459197,1105.3478260869565,590.2081894425258,273.23408347759187,199.3157576977259,0.0126643847955323,0.0419924337957124,0.0167537380652134,0.1272923797513961,0.1189155107187894,2.832211939707576,5.766494190670483,6.999999177359513
27.jpg,Channeling,0.70671326,0.07161949,-3.576690196990967,35.18992,49,5.142857142857143,1.7155044706443616,2.7282696086296383,0.0347370880366916,8,3172.836034212925,0.663687193262094,1898.5,274.68150208623086,130.1337723811484,81.83853054250321,0.000795680591077,0.0076157999431656,0.0021218149095386,0.0578005115089514,0.0697546651510845,2.742565084575194,5.596968484735655,6.999998111971448
23.jpg,Channeling,0.5077166,0.127171,0.4274670779705047,0.5488539,55,5.181818181818182,2.8991645375958908,2.673744277155568,0.046071641755506,51,2418.2153090752176,0.5557439909200711,345.6666666666667,254.2018730489074,133.14929025942243,96.16088486676722,0.0123359407524266,0.0368325335787374,0.0169153574793488,0.110541422905848,0.141107386226692,2.5147846682638715,5.11430630625276,6.999483551831123
22.jpg,Channeling,0.40566134,0.17293118,0.3699557483196258,0.23866248,32,6.75,2.3508271623783825,2.3675596896811903,0.0409146144282155,9,5670.367845755057,0.1064107151371799,2005.7777777777776,166.97273673257024,100.09985315712188,70.08547008547009,0.0037029733342097,0.0140230942833979,0.0025855080085015,0.0924647779311553,0.0948092640066609,2.4369788056761954,4.9734606962995045,6.999219948878229
21.jpg,Channeling,0.3774971,0.1497837,1.1091285943984983,0.40866208,47,6.319148936170213,2.070681191300575,2.922562554192281,0.0501037188975316,15,2793.2711496658453,0.767193971801299,1163.4666666666667,154.43516006511123,51.01240907145914,29.84492689410722,0.0011577708006279,0.0091836734693877,0.003394819466248,0.0865580847723704,0.0951530612244898,2.439244573549815,5.010900234963924,6.999973189939759
13.jpg,Channeling,0.6490394,0.16487692,-0.327177494764328,-0.5282209,33,10.909090909090908,2.3117591721883577,2.453316226914207,0.0517406593030509,2,12578.5,0.9381104705092584,12616.5,325.861504095309,114.30437317784256,86.63857374392221,0.0011599246049006,0.0106024358416702,0.0011055531390459,0.1116427432216905,0.0649014064085834,2.686939599149071,5.502049915061286,6.999888393629912
19.jpg,Channeling,0.5382271,0.1649202,-0.0563433431088924,-0.5158949,33,10.636363636363637,2.3971145137782326,2.844147360921838,0.0527284293565537,11,4298.609296539698,0.8651832612602474,2064.454545454545,223.4945457718824,89.87248046071575,57.9944361224053,0.0011961268274159,0.0114486424909815,0.0013670020884754,0.1179798746914752,0.0872413138408961,2.611912324242325,5.354814285233555,6.9999469766421765
24.jpg,Channeling,0.2826728,0.10831963,0.8935545086860657,2.857761,26,5.423076923076923,1.9872503679169,2.407413965886258,0.0266544788387045,12,1975.7016264270944,0.6048455142435157,841.5,83.09534858026737,39.43313578974491,27.19450317124736,0.0033785336704205,0.0104803493449781,0.0024362215582624,0.0568604918409561,0.0962307515513675,2.2646428953476008,4.618663662993165,6.998477163251412
33.jpg,Channeling,0.837368,0.09487887,-4.599319934844971,25.21441,44,7.704545454545454,1.5195161300266111,2.8210508986148266,0.0338145552728397,15,2632.2782780954853,0.6216415347385073,1125.0,604.6558728289667,242.6062357414449,144.91009174311927,0.0021378191124149,0.0088477623119655,0.0021690281505524,0.0526028337806628,0.0410710941888771,2.847410009077181,5.813907811287811,6.999944461533918
36.jpg,Channeling,0.16404466,0.12044389,1.9466477632522583,3.860273,22,6.545454545454546,1.4873442757316733,2.823146467227283,0.0263920282951486,16,2369.7521948177937,0.7138338877034834,817.3125,66.84644194756554,18.513396715643907,10.176128743853376,0.000813492063492,0.0076984126984126,0.0013492063492063,0.0528968253968253,0.0389880952380952,2.023459194248636,4.166015179051683,6.914249217008206
34.jpg,Channeling,0.34242982,0.14770794,0.5003854632377625,-0.49523473,25,9.96,1.9194412156468068,2.6686379358530408,0.0361581102697556,8,5155.166431600439,0.6134627895805869,2673.25,105.2148069990328,49.23637870312824,29.079310344827583,0.0012258188086573,0.0111855966289982,0.0013981995786247,0.0938134457000574,0.0268722466960352,2.370147269082422,4.863213811933758,6.993515277855257
31.jpg,Channeling,0.8508348,0.10068373,-4.3838653564453125,23.117249,41,8.414634146341463,1.9876110899892,2.8333998347644376,0.034757177415978,8,5398.796531114596,0.6678556666763653,3353.625,654.7061463838413,230.30145099200476,153.8427333660291,0.0018654434250764,0.0108409785932721,0.0014984709480122,0.0968807339449541,0.0403363914373088,2.860539033236268,5.843124188451887,6.999950124521872
16.jpg,Channeling,0.44587004,0.18273179,0.6124443411827087,0.26071525,33,6.181818181818182,2.331453836799572,2.3892520865686127,0.0418828477556258,3,5625.538808762134,0.9049520261221038,5689.666666666667,201.63255535607425,95.72446331682,74.36865021770681,0.0031338669377038,0.0139965273366365,0.0027103714055816,0.106678524541566,0.0965358065472409,2.4531588749402777,4.990917350288336,6.999174335262994
25.jpg,Channeling,0.71064585,0.09606954,-1.6217750310897827,8.94721,51,5.588235294117647,2.1601700686355443,2.7867383759953874,0.0383801305246352,4,5811.7479513482,0.8200470806647453,5879.5,327.296073750926,152.01393998063892,101.93595166163142,0.0014727011494252,0.0114762931034482,0.0013649425287356,0.1091954022988505,0.0410560344827586,2.7556919019241235,5.633625425796535,6.999998790314486
30.jpg,Channeling,0.87195575,0.07667432,-6.225851535797119,70.881714,57,4.631578947368421,2.2064668823658864,2.8007828598395474,0.0485694395313626,8,6944.314606883461,0.6526782815792234,2640.125,672.1380403204507,305.42391079909146,206.1961629661565,0.0016747516747516,0.0116462616462616,0.0037730037730037,0.0896473396473396,0.1279933779933779,2.8292687537739667,5.761451720278352,6.999999105658819
18.jpg,Channeling,0.33707896,0.13230146,1.2632620334625244,2.1820836,25,6.72,1.986718693785676,2.409488900195033,0.0308800352067293,11,2136.532028179783,0.6589463641698522,896.2727272727273,105.44194679315322,62.01408792810299,45.37848605577689,0.0035511982570806,0.0096949891067538,0.0025925925925925,0.0566448801742919,0.1088453159041394,2.322569075296452,4.724386768188942,6.999260050671798
17.jpg,Channeling,0.4020264,0.12599824,0.6649580597877502,0.4626372,35,5.914285714285715,2.837418530437943,2.612454858158194,0.0379916773784144,30,2330.649544416511,0.6136748266984388,534.3666666666667,170.16237781767404,90.09294644963435,60.91533623609095,0.0110320586117816,0.0365688391987464,0.0157963833481556,0.1121416169059416,0.1406852157709736,2.395061628716956,4.8697199827199125,6.998912129388867
35.jpg,Channeling,0.8602119,0.03141764,-0.6928918957710266,34.493515,69,4.739130434782608,2.885691599954711,2.801928943973542,0.0448797389709323,71,1916.012612195764,0.5712807750374893,301.2535211267606,537.508658950483,270.3244353182752,170.4298826040555,0.0128550812699377,0.0460276469694668,0.0152096308673856,0.1253797660641045,0.0847827738113322,2.8052387855270804,5.703008047293725,6.999991861971584
28.jpg,Channeling,0.882971,0.07997541,-5.43199348449707,58.122375,56,5.089285714285714,2.47647052380858,2.844062235548208,0.0487139066922725,3,11628.13534301848,0.911170314401598,8226.333333333334,765.1303899673595,333.10610932475885,208.5621712602567,0.0019175455417066,0.0134416182580414,0.0025567273889421,0.1350177654954599,0.1088489086909931,2.837943399962301,5.780675943540851,6.999999432637712
29.jpg,Channeling,0.8754028,0.109327994,-5.647970676422119,42.576027,69,4.608695652173913,2.918163114018126,2.8872537969237264,0.0612378176837139,21,5191.186013063125,0.538545618864209,1167.3333333333333,985.4249591468134,564.341384863124,326.63934079864777,0.0129253495120021,0.0386064739797264,0.0155820175603873,0.1318159550815842,0.1512793458190451,2.8386394996981745,5.783015044330598,6.999999899604443
32.jpg,Channeling,0.84688437,0.11027375,-4.470766544342041,23.803423,52,7.211538461538462,2.709676402367216,2.892836805666434,0.0419373067587863,87,1927.1096667952568,0.5045898171761933,315.58620689655174,796.9373696699504,349.9248512984187,203.91965290053028,0.0105927088363109,0.0372253742153549,0.0138218252052148,0.1080094157411878,0.081633268952197,2.857454198400556,5.83581343068285,6.999956922826711
26.jpg,Channeling,0.8514832,0.04811333,-2.4192686080932617,24.465923,74,4.743243243243243,2.903971700624962,2.825384156696683,0.0442432879558103,41,2329.657108909422,0.5015141106036969,534.7317073170732,524.6587571558948,288.5504300234558,173.88556302178782,0.0120073891625615,0.0432121124311793,0.0165350623007823,0.1263764126340191,0.1011482179078527,2.8235975472158694,5.750493360097527,6.999995230861643
15.jpg,Channeling,0.5916232,0.15766178,0.5005125999450684,-0.8730662,40,8.625,2.0794472545326173,2.6691964783773034,0.0530741788146563,11,3837.009471704548,0.8015770337987554,1810.3636363636365,229.55412702494212,87.61152528712472,49.807700399747525,0.0010124493775311,0.0094307784610769,0.0022686365681715,0.0884955752212389,0.0875018749062546,2.643928988817311,5.416260201610331,6.999574296771272
42.jpg,Turbulence,0.6866075,0.1761492,-0.5718895792961121,-1.2874252,48,7.0,1.540724132083408,2.823204923760187,0.0393977827530628,2,10881.5,0.9477397621542578,10915.5,514.5177731958763,237.9468064453504,151.1737545565006,0.0043290043290043,0.0082070707070707,0.0026875901875901,0.0477633477633477,0.0527597402597402,2.6945345238130627,5.474776313818035,6.998277319554812
39.jpg,Turbulence,0.6228253,0.21385984,-0.5487988591194153,-1.3971049,36,8.75,1.5476994857652588,2.8534992257153977,0.0350329582827227,3,9798.911515514816,0.9483015996079306,6973.333333333333,409.240627580512,152.2322055832871,109.97316495659037,0.0049720771032246,0.0088092235633219,0.0033687623851558,0.0431453792109529,0.0654656818591244,2.682599490276786,5.4695095468284265,6.994120163201094
38.jpg,Turbulence,0.6627284,0.19004788,-0.5596805214881897,-1.2718141,47,7.723404255319149,2.5651110381450577,2.874407285300984,0.0417929269136281,14,5521.371966536682,0.5732133529383365,1542.5,468.1640276086074,207.197246875566,129.9386455720625,0.0105494194279241,0.0301437269895213,0.0160719342962333,0.0999716794109317,0.0957235910506938,2.700813784502802,5.505205662530282,6.995861147234902
41.jpg,Turbulence,0.6803,0.17439708,-0.6257430911064148,-1.043942,47,7.212765957446808,2.444558746659053,2.8430853223141144,0.0399968309795788,12,6170.604055497502,0.4874007918937924,1886.9166666666667,580.9576495879613,259.0915869670935,175.94205897568546,0.0102735428822385,0.0284051697095175,0.0126733170211431,0.0900621118012422,0.0827686805947675,2.700599418226773,5.492289350975223,6.998645190958525
40.jpg,Turbulence,0.6811397,0.17183563,-0.6110608577728271,-1.1147321,48,7.3125,2.052177830278472,2.769069083137364,0.0372258103092409,6,8269.417143238627,0.7311197376758126,3751.3333333333335,532.2317439390611,235.648982315649,153.3054867256637,0.0045214045214045,0.0114638447971781,0.0028699695366362,0.0916626583293249,0.0593875260541927,2.6993201391527184,5.488827875525082,6.9986262744097925
37.jpg,Turbulence,0.539763,0.25836492,-0.5507693290710449,-1.3033366,34,7.852941176470588,2.2060636996070824,2.831943234312173,0.0336079091335597,2,10672.0,0.9249765825794584,10760.0,306.2352074637859,137.78541400109668,82.33553912028026,0.0051009488478276,0.0119854462438467,0.0037811229221659,0.0880537918242134,0.0892309338660198,2.7087041751276404,5.546035750831456,6.99499713741513
64.jpg,Roughness,0.752445,0.22684923,-1.911056876182556,2.6628199,45,7.333333333333333,2.5026977318712555,2.7360556464875123,0.0505125492464557,1,0.0,0.9589661225068205,28823.0,345.6086328162636,155.94160583941607,112.02632197414806,0.0026688182720953,0.0100546176762661,0.0035584243627937,0.1023667659715326,0.1953202581926514,2.7686667897251267,5.629376469403061,6.99976268389649
44.jpg,Roughness,0.89098775,0.09032184,-7.246196269989014,69.14001,62,5.516129032258065,2.918539577477203,2.868336535431684,0.0606984534550782,75,2140.703759005954,0.6121336170511813,264.94666666666666,843.3639421765615,518.8492678725237,289.2367836517104,0.0126293187585399,0.040191294163576,0.0173531134101112,0.1266250243997657,0.1272886980284989,2.7879718291156697,5.650254617244588,6.999998510519028
48.jpg,Roughness,0.85052776,0.03894368,-1.7685869932174685,44.299496,61,6.245901639344262,1.8638828939492236,2.7147735410319624,0.0434430689693043,10,2806.7387926203605,0.7332015025635384,1409.5,503.1874105865522,257.11045281421923,144.50437828371278,0.0016783378667746,0.0088160966105291,0.0036074618515732,0.0742905646545903,0.0853637363273337,2.7664958098615706,5.610844256692036,6.999995447792628
47.jpg,Roughness,0.8585708,0.064578116,-4.342442035675049,44.02003,52,6.980769230769231,2.691312404550364,2.80117432365361,0.0423558218566446,72,1622.8980220485623,0.5978439327868794,283.80555555555554,596.9179803850345,296.7663143767824,191.4121180003533,0.0098126672613737,0.0312858417229514,0.0140180960876768,0.1095323053396202,0.1068401937046004,2.780207604554514,5.641488490361041,6.999998281978665
56.jpg,Roughness,0.83675337,0.34017244,-2.0070226192474365,2.094473,132,4.704545454545454,2.8065520915961377,2.99121429339239,0.2225081768541701,31,6124.1534006007305,0.4122716193772492,1122.645161290323,6730.536585365854,3596.7154861944778,2063.721854304636,0.0210526315789473,0.0593501144164759,0.0103981693363844,0.0793409610983981,0.0774004576659039,2.74905854752151,5.562651159658944,6.999837411588451
58.jpg,Roughness,0.8873141,0.08560316,-4.031549453735352,24.64828,51,6.588235294117647,2.530741074616374,2.836116087880556,0.053600987091645,16,6325.405367136066,0.611219295387546,1646.9375,578.2220048899756,267.2845603507962,197.80143884892087,0.0025271831464492,0.0135703363914373,0.004311077132178,0.1297145769622834,0.1809802922188243,2.78755512012248,5.651008068870506,6.999998763975675
43.jpg,Roughness,0.89884853,0.0515368,-5.235891342163086,93.95345,50,5.7,2.458005849290547,2.739441115820792,0.0465132991514774,22,4023.962214139996,0.7487142617065993,919.0909090909092,490.6784595540814,279.3070041457561,155.68967843489995,0.0012832662086393,0.0126154939587775,0.0023888494037747,0.1476545842217484,0.0862749743346758,2.788816407269733,5.651444477921206,6.999994148226699
67.jpg,Roughness,0.9038819,0.031032752,-3.673049211502075,111.324715,53,5.716981132075472,2.2849311380085737,2.7386270023829504,0.0433931673564898,9,3972.8964742441663,0.7563689780554095,2106.777777777778,538.5387372484147,229.4155985227026,153.7671695564062,0.0013100436681222,0.0125843588725684,0.0015283842794759,0.1395593489479952,0.0451568082572449,2.8041732326618174,5.688608465773794,6.999999479337169
61.jpg,Roughness,0.7963241,0.2126369,-1.5072143077850342,2.4522257,41,8.560975609756097,2.437185022138946,2.852000056342804,0.0664210324964571,13,6034.248498922261,0.6595947431057277,1750.7692307692307,903.1314285714286,427.5372197309417,288.2017277609152,0.0031799828448293,0.0123015125839452,0.0041632670139542,0.1003786690098119,0.2250256281512165,2.738357415120041,5.55569885226616,6.999606800064517
55.jpg,Roughness,0.9324324,0.20697582,-4.146365642547607,15.641346,76,5.7631578947368425,2.3037243182851688,2.91829030606421,0.0945239656521424,10,9035.333884256852,0.5692710816005614,3015.0,2511.3896642138207,1116.2416749750748,648.3973509933775,0.0024844720496894,0.0131348191450493,0.0017902813299232,0.1035257581293386,0.0643405188162221,2.798272826182425,5.661069791106273,6.999949969044898
70.jpg,Roughness,0.84552926,0.070943415,-3.624512910842896,35.32439,50,5.46,2.432803609907831,2.721175872789317,0.0462886566049219,19,3539.848998297515,0.6948674105457379,1079.2631578947369,495.35375609756096,254.87848743370995,145.24940842404163,0.0018009812242532,0.0123377564328151,0.0028774297720827,0.1363570497029416,0.0981224253213819,2.753790413909009,5.580971605202794,6.999996270650184
51.jpg,Roughness,0.88589793,0.067993276,-5.972919940948486,77.89615,58,6.362068965517241,2.4703179406416638,2.827546822354745,0.0497634770246708,37,2311.116587956213,0.7942181184334676,622.8108108108108,633.7114362789176,276.1275881365417,172.45146014206787,0.0020247993119266,0.0142452694954128,0.0055547591743119,0.1200544724770642,0.1954020928899082,2.8714948430793226,5.860503511682446,6.999986389216757
57.jpg,Roughness,0.9227657,0.21695547,-3.8610823154449454,13.415123,75,6.0,2.38825380464212,2.93750281207787,0.0998179670120208,27,5785.931439041076,0.5169301495888163,1138.4444444444443,2525.860013860014,1169.6144380639869,736.2308018667798,0.0028999607102097,0.0138262642893225,0.002170293176673,0.1076353159086231,0.0866620516754289,2.7890648545504666,5.6412405942783,6.999948679271892
59.jpg,Roughness,0.88147587,0.10791933,-4.844644546508789,31.248203,47,7.787234042553192,2.8443398816085965,2.8810443307603144,0.0635535199027013,25,5241.593306467033,0.5683815752618239,1078.64,731.0503711034141,391.3995337995338,261.17156030089785,0.0123896081625653,0.0317671268112835,0.0186701534768069,0.1267684129297779,0.1878590414130155,2.783861643525704,5.642656460868992,6.999996517136087
69.jpg,Roughness,0.8778071,0.03664441,-1.6748342514038086,51.66594,57,5.7368421052631575,2.449937914959328,2.7173925924115245,0.0457898014056092,15,3162.0015559768462,0.728262329355278,1240.6,541.0859881590076,224.859108054138,138.7084581700853,0.0016846634732483,0.0159738572704392,0.0037955671023788,0.1311398879597304,0.0869529917999512,2.786174101488353,5.652743191595497,6.999999933893837
72.jpg,Roughness,0.836992,0.06371178,-4.647372245788574,50.41602,43,5.3023255813953485,1.828928792979448,2.6849518917222266,0.0429215827182084,19,2192.63547893632,0.7915773492504427,596.8421052631579,470.2328139321723,233.38288180292497,147.17319536831732,0.0016738197424892,0.008862660944206,0.0031974248927038,0.0621030042918454,0.0975751072961373,2.7432003325747307,5.556839322854363,6.999997362916708
54.jpg,Roughness,0.76849777,0.15338968,-3.067655086517334,11.745783,63,5.904761904761905,2.585640725103589,2.8451153040713506,0.0622833167899296,22,3317.481950164827,0.686152498425154,1156.6818181818182,344.41486191138483,175.94378074490513,91.14823756639304,0.0015652431414852,0.0154197601370645,0.0056264145356092,0.1274192524906402,0.2212703851767244,2.7105945984787274,5.495076361065872,6.9998742142159545
49.jpg,Roughness,0.9041211,0.06629461,-7.123635768890381,94.676094,53,6.735849056603773,2.5408327326662974,2.830370491691161,0.0474216787351192,32,2634.2655743510254,0.7357412039375324,754.59375,677.9247855023655,276.4949053857351,182.03785245268443,0.0022304179838426,0.0136810677906568,0.0035827186512118,0.1399543378995433,0.1568141903758342,2.88622650871633,5.891543439353454,6.999991018241032
71.jpg,Roughness,0.84114385,0.08728195,-5.089929103851318,43.418633,59,5.593220338983051,2.8828510864087127,2.8002261229272767,0.0542434648024641,111,1919.916216713145,0.5670148941711318,193.99099099099095,598.873913882989,377.9804144841722,194.926143024619,0.0110095128751845,0.0382360177136296,0.0156019353780547,0.1291618828932261,0.1308840413318025,2.7515328335610283,5.575668251162005,6.999998076574635
65.jpg,Roughness,0.8308213,0.1571979,-1.942545771598816,3.0591207,49,7.714285714285714,2.794328329066932,2.793828499432808,0.0526054722673534,6,10798.569313674025,0.379860022126254,4833.666666666667,467.2448411555811,259.31636363636363,160.84052532833022,0.010649254346214,0.0280135124000988,0.0176114361044739,0.121034852105133,0.179636648265634,2.77508989941915,5.630991674794109,6.99976192147706
46.jpg,Roughness,0.86899495,0.06332781,-3.3948488235473637,26.646801,56,6.910714285714286,2.23812865590088,2.746473763942588,0.036947935063179,11,3819.844508107065,0.8617474917912731,1815.5454545454545,540.5261143013399,254.61771058315333,145.36588563001803,0.0019586734846445,0.0098980293651505,0.0023324661343859,0.1122125534523489,0.0740109446487844,2.787786759634072,5.657430569417196,6.99999787304727
60.jpg,Roughness,0.86990947,0.08161308,-3.87936282157898,25.800417,53,6.452830188679245,2.591460583255949,2.855442437326668,0.0576066063337581,26,3840.2932497509664,0.8257866858518896,845.5769230769231,590.568412421851,259.60738581146745,191.83927674535408,0.0031460475008862,0.0172367954626019,0.0092830556540233,0.1268831974477135,0.2295950017724211,2.772769474433257,5.620349190347882,6.999998781513472
68.jpg,Roughness,0.90047944,0.054732066,-10.38390064239502,163.98405,65,5.4,2.9573145508591905,2.813909636888048,0.0509308335216535,103,1431.8865461233263,0.5968596143693032,206.5631067961165,613.2882711002089,326.24020662935857,218.9406270847232,0.0139265903458043,0.0447893308155316,0.0177426334631574,0.1277784334552893,0.1098784373893544,2.804919624674569,5.69083377021254,6.999999613503275
45.jpg,Roughness,0.87637264,0.05744308,-4.323968410491943,72.10191,59,5.6440677966101696,2.362333035413423,2.729862092591109,0.0477643057312869,21,2410.4725546058257,0.8213568878194105,789.6666666666666,519.525858814647,264.2737642585552,146.30677107323814,0.0016766999313159,0.0132519898185931,0.0035352106985576,0.1171871843561876,0.117651812047998,2.771092310879073,5.615017835400878,6.999985167609553
50.jpg,Roughness,0.8954572,0.105814256,-6.550467014312744,52.23399,57,6.578947368421052,2.890976968801774,2.8988204772178907,0.0601631067352231,61,2794.0997650244044,0.6871464768485135,453.24590163934425,989.698340149146,487.0800582241631,302.42410196987254,0.0122760800842992,0.0345626975763962,0.0174394099051633,0.1345275728837372,0.1740077274323849,2.886357823681132,5.89297962893188,6.999991153154722
62.jpg,Roughness,0.7653504,0.2503343,-1.5429487228393557,2.0334,63,6.238095238095238,2.792044393565704,2.971364255001614,0.1149712452682937,26,4368.536589796466,0.6760842031216657,888.5769230769231,2312.956620143342,1227.5389023583866,674.8447719944726,0.0150051599587203,0.0353353973168214,0.0169453044375645,0.1048297213622291,0.1898658410732714,2.725172585167284,5.529743978029628,6.999835527609759
53.jpg,Roughness,0.8984601,0.08300908,-3.1761229038238525,12.692476,56,5.732142857142857,2.872772784708754,2.8653984404698245,0.0540711489761198,33,4480.652455399657,0.5453164065208964,867.7575757575758,492.3977142857143,250.39910011248597,180.29195722919573,0.0117160438485675,0.0321528994661559,0.0178491381066873,0.133950038713884,0.189249765679123,2.778568779872264,5.626433727678124,6.999981253851479
52.jpg,Roughness,0.8207635,0.14990397,-3.234071969985962,12.177966,54,5.722222222222222,2.55635387055661,2.854244668011547,0.0557277002159539,12,7345.122631530548,0.6271763412644201,2435.833333333333,369.92270717169777,183.5356248577282,109.40916568742657,0.0014193150262264,0.0131440913298364,0.0030854674483184,0.1381878021186876,0.1777640645891186,2.747152998219664,5.56871546931075,6.999902030425958
66.jpg,Roughness,0.7321683,0.21632224,-1.9382386207580569,2.800321,43,7.883720930232558,2.429678300886388,2.8322376537476743,0.0513250328967023,2,15354.0,0.4816137606907485,15355.0,349.3207438096156,171.86861313868613,110.31163337250294,0.002875703409467,0.0123924197285667,0.0047790466732869,0.0972567030784508,0.1874172459450513,2.747134455863233,5.583396518518105,6.999738231123675
63.jpg,Roughness,0.7968019,0.20815955,-1.5437941551208496,2.6050491,43,8.30232558139535,2.4313528085974734,2.8943369914089656,0.069149936955897,15,5854.85692167907,0.4853656240887704,1582.4,955.4164788870384,453.1358933088066,283.04615384615386,0.0042685542685542,0.013020163020163,0.0052552552552552,0.0981552981552981,0.2188974688974689,2.727551389629669,5.5304763996535335,6.999558851979714
80.jpg,Pillar,0.83472836,0.23927657,-2.6228835582733154,6.310672,91,5.406593406593407,2.8859725254531874,2.9778311033040907,0.1381921773872781,29,3047.345092333932,0.5453771271784337,903.5172413793103,3153.9687528889717,1778.8445221954953,953.7727375822182,0.0151982378854625,0.0423307969563476,0.014016820184221,0.1066479775730877,0.1665999199038846,2.7354355734263223,5.541043727907836,6.999987226002651
85.jpg,Pillar,0.85211056,0.071355894,-3.078777313232422,34.75192,48,7.6875,2.4658739729628127,2.8973886985527377,0.0493289976885396,26,1640.1604793217623,0.619448088453824,690.5769230769231,577.5229915906244,228.7811447811448,163.24291052978677,0.0017195896433805,0.0102784562774792,0.0032242305813385,0.1264680019540791,0.1915779189057156,2.7671929570363183,5.61159900492635,6.999997886933344
98.jpg,Pillar,0.8192533,0.095131464,-3.4272167682647705,17.460373,51,7.588235294117647,2.6690781686082783,2.9212609216408825,0.0444755449699443,51,3231.9203707058787,0.5879288223596819,562.8235294117648,625.6440159887138,242.25608688036436,180.9060277049794,0.0089346843762837,0.0290633986033137,0.0131452827605093,0.106942352457894,0.1287484595371765,2.749930097168404,5.5786917729480585,6.999997669704159
86.jpg,Pillar,0.8505787,0.08149254,-4.46185827255249,44.346672,50,7.68,2.802109490950105,2.918305594895491,0.0562807880568881,73,1192.599544476144,0.663082490870533,254.53424657534248,710.103417427089,328.41750841750843,211.7247746757529,0.0096726917440156,0.0293111871030776,0.0161602344894968,0.1251392281387396,0.1862823644357596,2.7649169855664035,5.606450170027853,6.999998492521012
101.jpg,Pillar,0.49753287,0.15295321,1.1846470832824707,1.227499,51,6.529411764705882,2.7960330460883736,2.9567646893763806,0.0406569613349797,100,615.0095507388482,0.6208648535779505,120.85,359.88978876179345,157.89408099688472,115.374949000408,0.0139783372365339,0.0334638466042154,0.0135758196721311,0.1139490632318501,0.1435158079625292,2.5533189670697354,5.207421507817613,6.999465046536453
102.jpg,Pillar,0.50746536,0.14990535,1.1552956104278564,1.1211739,48,6.8125,1.994454034284998,2.9114065097755573,0.036566835305983,22,978.6131652868396,0.5235424468919585,393.0,345.00904591227174,145.37014805922368,97.8780284043442,0.0050374531835206,0.0124157303370786,0.0024344569288389,0.076067415730337,0.1011985018726591,2.5578914950797,5.213918666875773,6.999546695432088
88.jpg,Pillar,0.6488219,0.23411511,-0.2069233953952789,-1.0918541,45,6.8,2.3968953062738048,2.943167960073438,0.0563477722399636,6,7555.09581709958,0.5775876822995502,3636.8333333333335,898.6598812553011,412.47549116888274,264.3861611767143,0.003210838901262,0.0121009651076466,0.0038789903489235,0.1008537490720118,0.1983853006681514,2.6882135124348165,5.474161700526302,6.997973763058045
76.jpg,Pillar,0.86701787,0.19591151,-3.225247859954834,11.12538,85,5.435294117647059,2.549681327055125,2.927552751056285,0.0979782029353486,15,3679.682248359074,0.6557964068201982,1598.5333333333333,1667.2241147930215,788.8654970760234,481.55979899497487,0.0033223322332233,0.0163036303630363,0.0038503850385038,0.1162156215621562,0.2086248624862486,2.748513201403328,5.565582425701755,6.999984448065859
99.jpg,Pillar,0.8210824,0.08252165,-4.063316822052002,22.165619,44,8.863636363636363,1.5486927786630338,2.9219569149227853,0.0386734746181469,4,15391.45797796622,0.4057910638018638,8908.25,561.1606084867894,209.76890156918688,152.77773541746092,0.0019712855223906,0.0073966819601207,0.0019712855223906,0.0486366728887183,0.0767231303316295,2.74489258258985,5.566596323012511,6.999993089553013
75.jpg,Pillar,0.5788992,0.21008965,-1.4700044393539429,1.1163273,61,6.147540983606557,2.177090348035711,2.880032952472465,0.0541977346434797,5,10449.07679366938,0.86181385034786,5839.4,251.28165109354143,103.80638915779284,80.03992015968063,0.002507960047106,0.0088759977319317,0.0022462598682775,0.0791206873991363,0.1799624896410346,2.616091675682326,5.323983292766825,6.99801940902436
82.jpg,Pillar,0.63196933,0.20073313,0.0050091580487787,-1.1250784,59,5.745762711864407,2.436869887595226,2.859424774828498,0.0576074080982681,11,4399.025177513388,0.890558727502346,1685.8181818181818,466.4727958510137,218.43725055432373,126.46281755196304,0.0037648123765635,0.0117676102699144,0.0062335418038183,0.1070194206714944,0.2663553324555628,2.6710869232657064,5.442861102704895,6.99649338449964
84.jpg,Pillar,0.63104266,0.20047045,0.0202209055423736,-1.2164377,51,6.411764705882353,2.3372608315564927,2.9278026716159284,0.0584378433722194,12,3623.097626302971,0.8126807258730011,1447.5833333333333,503.8011707129834,211.001808318264,134.6500353024241,0.0040645296459249,0.0120888330190655,0.0060758432851456,0.0985334171380683,0.219254137858789,2.6599513114166435,5.416374478817304,6.996323790693449
73.jpg,Pillar,0.7662488,0.106122084,-1.0198649168014526,0.7322216,62,5.806451612903226,2.501273536513358,2.755509614016886,0.0496828541148249,12,6841.446683430504,0.5838991640697906,2215.333333333333,376.828885400314,156.42305021985652,102.26835685242764,0.0027861571979219,0.0111236802413273,0.0034146137087313,0.1307817998994469,0.2154558404558404,2.7075098510497138,5.490679923168278,6.999730851872324
87.jpg,Pillar,0.8505527,0.057160553,-3.330330371856689,51.955986,55,7.363636363636363,1.9635154694992023,2.909450962990241,0.0477158046336371,31,664.443823188038,0.7080198263224337,367.7741935483871,580.0848562769768,238.2260644045818,171.43063063063062,0.0017018379850238,0.0081287790814079,0.0028430705161574,0.0698954871260961,0.144095623273135,2.7580316496821125,5.590261879804769,6.999999863596875
92.jpg,Pillar,0.79495144,0.11036391,-2.133208036422729,11.310205,64,5.53125,2.9251273278082035,2.8715265636186524,0.0625509592323902,42,3325.8833471047583,0.6031990761281838,563.9047619047619,645.6792731882528,342.9563482165128,217.71136131013307,0.0126318618558086,0.0382315393401867,0.0200228448565477,0.1370691392864342,0.1769580505722412,2.705817881925209,5.482872369859878,6.999834042471848
93.jpg,Pillar,0.7997955,0.10224818,-2.121868133544922,8.951643,53,5.60377358490566,2.2650640042457324,2.809594005947905,0.0521321173249244,5,11271.102774795376,0.4420816436576585,5644.8,472.61538461538464,215.99385403329063,152.7850565640621,0.0022042109613574,0.01063072578238,0.0030996716644088,0.0884669253553142,0.1527334511973916,2.701999405453691,5.472541488614336,6.999885730465104
90.jpg,Pillar,0.6520403,0.2313688,-0.2573485970497131,-1.069301,44,6.340909090909091,2.1691372823433785,2.97868056225651,0.0548470230485342,12,5443.748899731997,0.4481824406712509,1751.5,823.4889822515647,410.1777241656615,281.84125654450264,0.0041641656662665,0.0110106542617046,0.0041266506602641,0.08140756302521,0.1547681572629051,2.6822088694297825,5.459075288994737,6.997897413181314
97.jpg,Pillar,0.81951,0.092802495,-3.193856239318848,15.418682,45,7.666666666666667,2.302266804815928,2.8984261466735743,0.0407677270867134,8,7152.684268860188,0.5110558990444467,3474.0,557.7635214235542,209.1872399445215,149.7327154772938,0.0025144410465511,0.0095820591233435,0.0027353041114509,0.1102616377845735,0.1102446483180428,2.7514371935792727,5.582516407988844,6.999997549167427
95.jpg,Pillar,0.48740044,0.16047972,1.3757576942443848,2.036275,41,7.390243902439025,2.753118300643981,2.9380822741935577,0.0425631599620398,89,1543.1504128133752,0.4604052000450429,182.64044943820224,509.5809762202753,227.44052692754747,132.95618504177705,0.0129824946898117,0.0343697355892477,0.012890939720208,0.1098293415366586,0.1256134182963451,2.558084341790694,5.228342489866056,6.995921700434393
81.jpg,Pillar,0.86131203,0.17944594,-3.220001459121704,12.252029,86,4.918604651162791,2.389549818954205,2.940195275162313,0.081883231202881,23,2992.283575817914,0.7128262121186111,919.9565217391304,1420.113372645996,693.0244668911336,397.2830188679245,0.0029974542169664,0.0134885439763488,0.002874271166954,0.0960211874846021,0.1766444937176644,2.735383519065323,5.536911858859551,6.999968452224784
89.jpg,Pillar,0.63789177,0.24143603,-0.29155233502388,-0.8802781,45,7.133333333333334,2.7464580904839138,2.961256002069732,0.0662487691960063,14,5180.468811028671,0.6612692122297462,1538.428571428571,1162.7188660141749,610.2405063291139,345.8789506300351,0.0130266075388026,0.0293976348854397,0.0140428677014042,0.1107723577235772,0.1772357723577236,2.684385919407768,5.466560741904479,6.997898157836803
83.jpg,Pillar,0.6301449,0.20254363,-0.0183273926377296,-1.05796,55,5.945454545454545,2.7296495394817737,2.9048322882572,0.0617542655351402,16,3308.9943123817848,0.721456659571313,1146.375,531.0280056577086,270.90022172949,167.5381062355658,0.0097720539828834,0.0253867676102699,0.0154501316655694,0.1202888413429888,0.2371214614878209,2.6708807714996508,5.442895817813434,6.996555683485829
96.jpg,Pillar,0.49547392,0.15634963,1.4674861431121826,2.08712,50,6.6,1.9126805917731269,2.9269846315816856,0.0358260574547864,31,3563.1617680986583,0.564320324197025,702.3870967741935,380.1405639913232,156.88529886914378,112.0881729546418,0.0048706240487062,0.0105593607305936,0.0026445966514459,0.0723173515981735,0.0914193302891933,2.560461943470969,5.2305836712563245,6.99622681628827
79.jpg,Pillar,0.87400895,0.17246352,-3.31976318359375,13.398684,76,5.131578947368421,2.455917061609405,2.9346758900166146,0.076704572028745,17,3756.518335762573,0.7673950895405701,1391.4117647058824,1467.852454469816,587.4060791602886,375.52279428441824,0.0020624749699639,0.0122747296756107,0.0026031237484981,0.1105927112535042,0.1726071285542651,2.7496634036275664,5.567674895924263,6.999964761703299
78.jpg,Pillar,0.85248226,0.2039502,-3.06375789642334,9.742303,80,5.4375,2.480530057186677,2.9307364809019028,0.1059195271652051,31,2436.715165358144,0.5630085530373447,678.0967741935484,1801.465363365916,872.4651396929272,559.4349059035834,0.0049036223532867,0.0170835875533862,0.0041805075362122,0.1009423089960002,0.1954669739904639,2.7336654172581425,5.5344517057137095,6.999965437710019
77.jpg,Pillar,0.8334338,0.24751113,-2.5747761726379395,5.786003,100,5.13,2.915577000454612,2.9773027822196614,0.1502447682464208,40,3522.0430398243293,0.5575481700272928,649.975,3082.506584992343,1776.8668432458464,959.8090502237692,0.0181263616557734,0.0435729847494553,0.0152505446623093,0.1136601307189542,0.1906535947712418,2.7396301155428806,5.5502610238858905,6.99992322421995
94.jpg,Pillar,0.48999834,0.1600525,1.4718393087387085,2.0185165,46,6.782608695652174,2.2253178462722603,2.9264081485877758,0.0366507011208389,33,2397.6299975480647,0.6512424375076342,463.6969696969697,395.9435862995299,166.21334899197495,112.17704918032788,0.005304844354393,0.0135199852643212,0.0032234297292319,0.097973844170197,0.1114938294345183,2.556511145212942,5.223894011912578,6.995826774254909
91.jpg,Pillar,0.796584,0.10422045,-1.6063328981399536,8.216313,64,4.5,2.525606398872829,2.8107611603757388,0.0544098117515565,15,5341.12136623845,0.6540632866253497,1517.4666666666667,514.8356164383562,228.4007065354529,154.6790793897078,0.002873433187022,0.0136884021901443,0.0027150549798633,0.1358206253676637,0.15238246074483,2.7043591924708084,5.4793805185121,6.999810336075822
100.jpg,Pillar,0.49764326,0.15210737,1.2330249547958374,1.2521954,50,6.66,2.3418407468194262,2.949899751565245,0.0369403685700293,40,958.8142559953934,0.5508203553713586,299.35,327.34207230525175,146.6043613707165,94.66829865361078,0.0057816159250585,0.0141247072599531,0.0025980679156908,0.1048375292740046,0.133361387587822,2.553057857150679,5.207107385512331,6.999447893786646
74.jpg,Pillar,0.76946443,0.10818671,-1.2303401231765747,2.042902,63,5.809523809523809,2.8394424538925347,2.8251517976653613,0.0530859054101534,19,5624.916177153221,0.6685522083905028,1435.0,430.5069984447901,219.8985606579849,138.6187662491137,0.0095445585641664,0.0306048345264031,0.0180931631912024,0.137130407718643,0.1993982778296504,2.708535148644766,5.4921359665249385,6.999731954094098
