filename,label,mean,std_dev,skewness,kurt,contrast,homogeneity,energy,correlation,fft_bin_0,fft_bin_1,fft_bin_2,fft_bin_3,fft_bin_4,fft_bin_5,num_blobs,mean_blob_size,lbp_hist_0,lbp_hist_1,lbp_hist_2,lbp_hist_3,lbp_hist_4,lbp_hist_5,lbp_hist_6,lbp_hist_7,lbp_hist_8,lbp_hist_9,lbp_entropy,gradient_orientation_entropy,mean_gradient_magnitude,hu_moment_0,hu_moment_1,hu_moment_2,hu_moment_3,hu_moment_4,hu_moment_5,hu_moment_6
8.jpg,Uniform,0.9333469,0.095773965,-8.567439079284668,79.95779,2676.7283902848776,0.40922744540710854,0.13469604672871568,0.8005954776370725,397363.87164967915,968.654704595186,587.128130821776,374.587833511206,299.560354135176,234.17354471741498,62,6.145161290322581,0.016835585585585587,0.043674924924924925,0.01647897897897898,0.11923798798798799,0.11347597597597597,0.2042042042042042,0.08320195195195196,0.06557807807807808,0.2627627627627628,0.07454954954954955,2.92632194235011,2.8624066867991784,0.06209435093909423,2.8018781839057243,5.673183501340982,6.999997550980196,6.999997319928168,7.0,6.999999996198302,7.0
7.jpg,Uniform,0.93985,0.046822604,-12.82052230834961,253.65689,1955.7087771659062,0.5072616695344994,0.13894485093078401,0.8318005385577664,395371.190926276,587.5889257235015,360.67441369110503,181.60278745644598,251.02049812651532,176.5912829957029,59,5.237288135593221,0.001930428134556575,0.01456422018348624,0.0025611620795107032,0.14428516819571865,0.062480886850152906,0.2631307339449541,0.026376146788990827,0.10890672782874618,0.3577408256880734,0.018023700305810398,2.4097576984041567,2.7570668923691737,0.04652749903340299,2.8031458521742487,5.675701493665015,6.999994659041486,6.999994353479725,7.0,6.99999999199447,7.0
10.jpg,Uniform,0.09627832,0.0447283,1.5147027969360352,15.759722,95.91770536504104,0.5772448025376357,0.23062465042247562,0.7339024619015281,4896.08699203594,33.8656863624137,19.431900021181953,14.023767605633802,15.81455190771961,14.06057546693589,0,0.0,0.008268633540372671,0.017236024844720498,0.002639751552795031,0.07715450310559006,0.03831521739130435,0.1783385093167702,0.022437888198757763,0.08115295031055901,0.5528144409937888,0.021642080745341616,2.0992115889077954,2.702558706143848,0.0141847871509276,1.825563825302869,3.7753806536643992,6.755815712994367,6.765451954639325,6.9999999772667385,6.996304019681818,6.999999997569399
1.jpg,Uniform,0.4830914,0.30276895,-0.30783841013908386,-1.6149054,932.0335826440293,0.5816850867454307,0.2774864892820672,0.9364136373272732,141799.90666666668,248.67277268942547,104.04532135182653,61.34312525499796,69.37976782752902,125.78274990977987,30,7.4,0.003685257147027165,0.011639574553481838,0.0022987247550763507,0.09638224508784413,0.042599383357962525,0.17118201886413806,0.01703975334318501,0.08010873332968456,0.5596482586247787,0.015416050936821557,2.0331789918005767,2.822666134468361,0.028583998359140873,2.704224980910032,5.534855617208835,6.993660761243544,6.993427873854327,6.999999999990084,6.999989209539887,6.999999999999948
4.jpg,Uniform,0.47978568,0.2829124,-0.30362963676452637,-1.5565066,982.7080304401485,0.5540517068621058,0.2356305948031965,0.9259417013847249,114824.51079467157,236.4381402679275,100.85309816662799,71.76061776061776,61.80752320468979,98.50586264656616,25,8.04,0.004062954409374733,0.012488238816183389,0.002844068086562313,0.09962791891198358,0.050508938499700624,0.17680266871952785,0.024441878367975366,0.0865409289196818,0.5268582670430245,0.0158241382259858,2.1444618818852583,2.80970015437456,0.030990279126405458,2.6657288714899345,5.447859337891257,6.989468085450875,6.989437758639877,6.999999999973717,6.999980533842441,-6.999999999999879
11.jpg,Uniform,0.30771956,0.036979225,1.889927864074707,18.981985,370.7812543486139,0.4655908033346337,0.16726758612302225,0.7798534841489119,43293.31808901593,125.94693406690922,66.96836371254976,41.77739054672185,42.6297273526825,37.88208787082238,38,3.789473684210526,0.015371296652558677,0.04217006540977299,0.015890727202770297,0.11485186610234706,0.08124278568680261,0.18747595228934205,0.06275490573297422,0.072354751827626,0.3301462100808003,0.07774143901500577,2.824900131391545,2.8907955762562687,0.02576512658204344,2.325021672636632,4.749782602905661,6.997166367499539,6.998529034568097,6.999999999999323,6.999995037228463,6.9999999999998455
2.jpg,Uniform,0.54268366,0.27256057,-0.29178035259246826,-1.6185013,1045.6297605324003,0.4786062764547807,0.27478022524488793,0.9285510205966241,161728.11995002083,326.69927296761404,150.9320987654321,98.72119862320308,83.25652084616965,110.55587392550143,35,6.685714285714286,0.011345130821843448,0.03224405601997612,0.013606919263199797,0.09030868888647632,0.09526652914992943,0.153892085549886,0.07773314515253502,0.05634567365106937,0.4089313501972279,0.06032642130785655,2.661570453193966,2.905889691071138,0.035867955480565865,2.66094872100697,5.4259731237391176,6.989893666132894,6.990027408162475,6.999999999976409,6.999981356094539,6.999999999999874
5.jpg,Uniform,0.5168869,0.24348013,-0.29261961579322815,-1.5608366,1044.498895064393,0.4579655757329919,0.23086197815848022,0.914133069860032,121873.6132596685,265.2282545242265,138.64951768488746,83.68966340415373,71.48886737657308,104.3842214532872,34,6.4411764705882355,0.012140602156916752,0.03440896667161048,0.01548827255969659,0.1003877365086764,0.09687056380702164,0.16452316884547746,0.07847956437909188,0.05991906265228722,0.37540521643324787,0.062376845985973685,2.7369479757606046,2.911707693821003,0.037170495826495696,2.6159813096353663,5.3284499810087365,6.985005336390991,6.985557952665748,6.999999999949389,6.999969292136239,-6.999999999999965
6.jpg,Uniform,0.5373965,0.2901439,-0.2196200042963028,-1.6207151,1183.8569333300786,0.6022639530795071,0.25562617707352375,0.9216310050057714,129900.25278810409,268.8483857785043,115.13060240963856,72.26813406703351,77.89931697444979,112.0942393334291,32,6.46875,0.0034913269252016352,0.01153463705667882,0.002165506573859242,0.07733952049497293,0.06127499723787427,0.16499834272456082,0.026118660921445144,0.07020218760357971,0.5668544912164402,0.01602032924538725,2.0494295414391064,2.840266543710604,0.03400192141242347,2.656498711299236,5.409862922615548,6.986551323534789,6.986727424686222,6.999999999957895,6.9999743235777006,-6.99999999999989
3.jpg,Uniform,0.5403617,0.23859386,-0.23992785811424255,-1.6582025,973.0298628814504,0.6486840041811135,0.2936494014982091,0.9251578214995649,143377.89464812473,260.8219931271478,112.35253689104508,72.08947035239503,66.29157759726378,104.52912142152023,30,7.6,0.003570220602051937,0.01025968657221241,0.0018226915705212522,0.07865759705362847,0.05407944680371303,0.15643203427411778,0.017907474914502612,0.0655793152692698,0.597410650531775,0.014280882408207749,1.9414410974739666,2.866024227695552,0.02944707240965373,2.611594479092531,5.314554490821767,6.987436084844148,6.987811190733987,6.99999999996427,6.999974029277033,6.999999999999802
12.jpg,Uniform,0.2500848,0.046148967,1.9349805116653442,21.738117,286.76719944072914,0.5755887326088027,0.2232969632456069,0.7714188661869628,28005.11738241309,97.63786381358237,55.23491655969191,42.18779134295227,37.6391382405745,34.69546436285097,13,3.923076923076923,0.008930669800235018,0.016686251468860165,0.0025851938895417154,0.08991382687034861,0.044770857814336075,0.20137093615354484,0.02481394437916177,0.08102232667450059,0.5090285938112025,0.020877399138268703,2.1987391668841454,2.800602882543801,0.020883393478488835,2.230137691998347,4.5615598989464266,6.991320718235163,6.994020638193668,6.999999999990011,6.999972189126546,6.9999999999987175
9.jpg,Uniform,0.9227698,0.056189172,-9.539931297302246,152.29167,2097.361021002245,0.447485315176065,0.12648582018153526,0.8180903078041384,372365.71603520855,597.7954131780124,310.4268214055448,209.8288746407252,210.55985679122847,164.55317024463304,63,5.619047619047619,0.0020964360587002098,0.016868545694541503,0.0041346377824365245,0.14187825141703547,0.10903408649739886,0.2821259414550819,0.0399875766752077,0.08907912104977095,0.29142402360431713,0.023371379765509744,2.555624272815838,2.7509267349034787,0.050330729508222614,2.788076613388152,5.644236783056046,6.999987900190111,6.9999876944678725,7.0,6.99999998187977,7.0
20.jpg,Channeling,0.8711724,0.041396454,-0.6557828187942505,15.544598,1640.1815983586732,0.4037063279136593,0.1135090688632045,0.8171565683610224,386468.5113892879,506.0012105490705,270.82434357826173,186.0139978791092,138.6276618627662,216.33824975417895,62,5.612903225806452,0.01095467550067761,0.03941424484264418,0.015773226923656077,0.13254780906489985,0.1258093660593284,0.22123927119409728,0.07820734829092005,0.06670682126185816,0.2406640566179792,0.06868318024393917,2.901832743405277,2.7796679197789693,0.047503328439511695,2.81488797983038,5.723635671987216,6.999998896336322,6.999999885029929,-7.0,-6.999999999870637,-7.0
14.jpg,Channeling,0.88153553,0.054175276,-3.4002394676208496,50.36798,1736.282163336694,0.3991376591953919,0.10496036913204887,0.8053510479022531,437698.43406366266,590.2081894425258,273.23408347759187,199.3157576977259,174.07161857990587,213.19619047619048,67,5.82089552238806,0.012664384795532337,0.041992433795712485,0.016753738065213474,0.12729237975139615,0.1189155107187894,0.22493244460457576,0.07980544046117817,0.06932084309133489,0.23484056926679878,0.07348225544946857,2.92437014162399,2.803896218174827,0.04713848610711229,2.8322119397075762,5.766494190670483,6.999999177359513,6.999999186260418,7.0,6.999999999075306,-7.0
27.jpg,Channeling,0.70671326,0.07161949,-3.576690196990967,35.18992,855.1816520874823,0.6854795449432407,0.5046124951511093,0.8771858353601294,251158.96223316912,274.68150208623086,130.1337723811484,81.83853054250321,71.54978354978356,131.22888586620502,49,5.142857142857143,0.0007956805910770105,0.007615799943165672,0.002121814909538695,0.05780051150895141,0.06975466515108458,0.12975277067348678,0.0211044804395188,0.035218338543146724,0.6654542010040732,0.010381737235957185,1.7155044706443616,2.7282696086296383,0.03473708803669166,2.742565084575194,5.596968484735655,6.999998111971448,6.999999691241325,7.0,-6.999999999749644,-7.0
23.jpg,Channeling,0.5077166,0.127171,0.42746707797050476,0.5488539,1099.4367538803551,0.33824306422929334,0.12272236046070971,0.7996804387368993,98775.26194398681,254.2018730489074,133.14929025942243,96.16088486676722,76.93573787147574,114.37177520568959,55,5.181818181818182,0.012335940752426652,0.03683253357873748,0.016915357479348803,0.11054142290584806,0.14110738622669208,0.2010780253730362,0.08749096167751265,0.06428712285545257,0.2619251079120927,0.06748614123885273,2.8991645375958908,2.673744277155568,0.04607164175550602,2.5147846682638715,5.11430630625276,6.999483551831123,6.9995930650338085,6.999999999999957,6.999998950243711,-6.999999999999998
22.jpg,Channeling,0.40566134,0.17293118,0.36995574831962585,0.23866248,937.986733385511,0.40548072144440656,0.12788545096592793,0.8361071478710914,70052.19769357496,166.97273673257024,100.09985315712188,70.08547008547009,60.27330454660909,90.76112118254079,32,6.75,0.0037029733342097766,0.014023094283397972,0.002585508008501501,0.09246477793115537,0.09480926400666097,0.29343324788010255,0.025394947303841012,0.07877034992002455,0.3779004798527575,0.016915357479348803,2.3508271623783825,2.3675596896811903,0.04091461442821559,2.4369788056761954,4.9734606962995045,6.999219948878229,6.999050875530914,6.999999999999814,6.999996975837394,-6.999999999999967
21.jpg,Channeling,0.3774971,0.1497837,1.1091285943984985,0.40866208,721.513211425351,0.5528431364741225,0.38128783803105387,0.8255541546917501,79238.09109903887,154.43516006511123,51.01240907145914,29.84492689410722,27.283340817242927,44.302349336057205,47,6.319148936170213,0.0011577708006279435,0.009183673469387756,0.003394819466248038,0.08655808477237048,0.0951530612244898,0.1717817896389325,0.027766875981161697,0.04623233908948195,0.546232339089482,0.012539246467817896,2.070681191300575,2.9225625541922815,0.05010371889753161,2.439244573549815,5.010900234963924,6.999973189939759,6.999995086709981,7.0,6.999999993795087,-7.0
13.jpg,Channeling,0.6490394,0.16487692,-0.327177494764328,-0.5282209,1181.259584525976,0.39130707623348354,0.11280285262928402,0.8444058097912984,250464.2243298969,325.861504095309,114.30437317784256,86.63857374392221,84.9509682735888,185.12510455251524,33,10.909090909090908,0.0011599246049006815,0.010602435841670291,0.001105553139045962,0.11164274322169059,0.06490140640858344,0.2838915470494418,0.02994055386399884,0.10519066260693055,0.3806002609830361,0.010964912280701754,2.3117591721883577,2.453316226914207,0.05174065930305091,2.686939599149071,5.502049915061286,6.999888393629912,6.999907611915406,6.999999999999998,6.999999841994412,-7.0
19.jpg,Channeling,0.5382271,0.1649202,-0.05634334310889244,-0.5158949,874.1452345221477,0.38134269098036055,0.12399002475442415,0.8613813248260406,160620.72622478387,223.49454577188237,89.87248046071575,57.994436122405304,62.83231972198089,95.81374613003096,33,10.636363636363637,0.0011961268274159863,0.011448642490981584,0.001367002088475413,0.11797987469147522,0.08724131384089615,0.2645149041199924,0.03689007024871844,0.10104423770647428,0.36563508638693754,0.012682741598632998,2.3971145137782326,2.844147360921838,0.05272842935655374,2.6119123242423252,5.354814285233555,6.9999469766421765,6.9999539009788965,6.999999999999999,6.999999904630972,7.0
24.jpg,Channeling,0.2826728,0.10831963,0.8935545086860657,2.857761,463.85582151258745,0.5875267115258768,0.34674324294748454,0.8120421983581821,30480.580293501047,83.09534858026737,39.43313578974491,27.19450317124736,33.0349426513737,45.206238157702956,26,5.423076923076923,0.003378533670420593,0.010480349344978166,0.0024362215582624685,0.0568604918409561,0.0962307515513675,0.1944380602160423,0.019053091243392325,0.0435302229372558,0.5615720524017467,0.012020225235578028,1.9872503679168996,2.407413965886258,0.026654478838704577,2.2646428953476008,4.618663662993165,6.998477163251412,6.998413090725599,6.999999999999437,6.999992536992248,-6.99999999999991
33.jpg,Channeling,0.837368,0.09487887,-4.599319934844971,25.21441,1485.4712836030255,0.7679610531736961,0.46103973467805,0.9130331365929129,476648.5949256343,604.6558728289667,242.60623574144486,144.91009174311927,144.9820482133698,167.95245432533568,44,7.704545454545454,0.0021378191124149554,0.008847762311965546,0.0021690281505524,0.05260283378066288,0.0410710941888771,0.11430310217839086,0.00989326508956994,0.03462642781349479,0.722130328943262,0.012218338430809562,1.5195161300266111,2.8210508986148266,0.03381455527283971,2.847410009077181,5.813907811287811,6.999944461533918,6.999975594900759,7.0,6.999999974200433,-7.0
36.jpg,Channeling,0.16404466,0.12044389,1.9466477632522583,3.860273,293.3621060130487,0.7196959355496378,0.5504279075586861,0.8528788428789964,19944.69823741771,66.84644194756554,18.513396715643907,10.176128743853376,7.9981855295985484,8.592592592592593,22,6.545454545454546,0.0008134920634920635,0.007698412698412698,0.0013492063492063493,0.052896825396825393,0.03898809523809524,0.1074404761904762,0.012043650793650794,0.03884920634920635,0.729484126984127,0.010436507936507937,1.4873442757316733,2.823146467227283,0.026392028295148605,2.023459194248636,4.166015179051683,6.914249217008206,6.901019990597967,6.999999997372716,6.99912461761197,6.999999999948448
34.jpg,Channeling,0.34242982,0.14770794,0.5003854632377625,-0.49523473,453.6959039906653,0.531838801372387,0.16350972649169862,0.879318927728646,70971.48975324132,105.2148069990328,49.23637870312824,29.079310344827586,27.874808492011383,40.59827132656896,25,9.96,0.0012258188086573453,0.011185596628998276,0.0013981995786247845,0.09381344570005747,0.026872246696035242,0.18802911319670562,0.01013215859030837,0.08438996360850412,0.5706569622677647,0.012296494924343995,1.9194412156468068,2.6686379358530408,0.03615811026975561,2.370147269082422,4.863213811933758,6.993515277855257,6.991984695317953,6.999999999986466,6.9999710388426335,6.9999999999995355
31.jpg,Channeling,0.8508348,0.10068373,-4.3838653564453125,23.117249,1465.9392502128273,0.6371007850974449,0.23504850019637843,0.9158809208116135,509329.44327233586,654.7061463838413,230.30145099200473,153.8427333660291,143.84190252888962,172.4087275869518,41,8.414634146341463,0.0018654434250764526,0.010840978593272172,0.0014984709480122323,0.09688073394495413,0.04033639143730887,0.192782874617737,0.011391437308868501,0.07856269113149847,0.5530428134556575,0.012798165137614679,1.9876110899891997,2.8333998347644376,0.034757177415978044,2.860539033236268,5.8431241884518865,6.999950124521872,6.999977888320485,7.0,6.999999977853959,-7.0
16.jpg,Channeling,0.44587004,0.18273179,0.6124443411827087,0.26071525,1121.2286066473823,0.4206296405646726,0.15364968736491122,0.8410473032835996,85536.96,201.63255535607422,95.72446331682,74.36865021770681,59.47443112307316,118.27859078590785,33,6.181818181818182,0.0031338669377038073,0.013996527336636599,0.002710371405581671,0.10667852454156608,0.09653580654724092,0.271015965781561,0.01744801592343201,0.08006183034768984,0.39306737813916065,0.015351713039427435,2.3314538367995716,2.3892520865686127,0.041882847755625806,2.4531588749402777,4.990917350288336,6.999174335262994,6.998925994342911,6.999999999999768,6.99999659316936,-6.999999999999969
25.jpg,Channeling,0.71064585,0.09606954,-1.6217750310897827,8.94721,1013.0474165487852,0.48959349910104116,0.14583095453747102,0.8671488510359695,275857.4161838162,327.296073750926,152.01393998063892,101.93595166163142,94.88752556237219,164.7588970068348,51,5.588235294117647,0.0014727011494252873,0.011476293103448276,0.0013649425287356322,0.10919540229885058,0.04105603448275862,0.22746048850574713,0.020905172413793104,0.09899425287356321,0.4756645114942529,0.012410201149425287,2.1601700686355443,2.7867383759953874,0.038380130524635264,2.7556919019241235,5.633625425796535,6.999998790314486,6.999999591263728,7.0,-6.999999999956173,-7.0
30.jpg,Channeling,0.87195575,0.07667432,-6.225851535797119,70.881714,1633.7360873665484,0.577290360442642,0.3526679821903415,0.7885428130959485,405094.8452173913,672.1380403204507,305.42391079909146,206.1961629661565,190.52986217457888,278.60256247621464,57,4.631578947368421,0.0016747516747516748,0.011646261646261646,0.003773003773003773,0.08964733964733965,0.12799337799337798,0.19517594517594516,0.030472780472780472,0.037941787941787944,0.4856394856394856,0.016035266035266036,2.2064668823658864,2.8007828598395474,0.04856943953136266,2.8292687537739667,5.761451720278352,6.999999105658819,6.999999697674136,7.0,6.999999999865434,7.0
18.jpg,Channeling,0.33707896,0.13230146,1.2632620334625244,2.1820836,689.8827659323446,0.5895668667067234,0.33157155397400795,0.8239434275314902,45902.57415870378,105.44194679315322,62.01408792810299,45.37848605577689,44.39274924471299,86.60908331011424,25,6.72,0.00355119825708061,0.009694989106753813,0.0025925925925925925,0.05664488017429194,0.10884531590413943,0.17431372549019608,0.020697167755991286,0.042418300653594775,0.5692374727668845,0.012004357298474946,1.986718693785676,2.409488900195033,0.03088003520672939,2.322569075296452,4.724386768188942,6.999260050671798,6.999137273566672,6.9999999999998455,6.999996363178246,-6.999999999999963
17.jpg,Channeling,0.4020264,0.12599824,0.6649580597877502,0.4626372,784.7650853205597,0.3820564901482641,0.15264095618964743,0.826555137141537,65176.848979591836,170.16237781767404,90.09294644963435,60.91533623609095,53.01101052116467,76.42276422764228,35,5.914285714285715,0.011032058611781645,0.036568839198746456,0.01579638334815568,0.11214161690594164,0.14068521577097362,0.1966501503409139,0.075932748909499,0.0588023546351586,0.2932071316647609,0.05918350061406852,2.837418530437943,2.612454858158194,0.037991677378414454,2.395061628716956,4.8697199827199125,6.998912129388867,6.998888171354701,6.999999999999719,6.999996077101731,-6.999999999999968
35.jpg,Channeling,0.8602119,0.03141764,-0.6928918957710266,34.493515,1574.7593344316858,0.46077751711595655,0.12976636807619518,0.8067321719269599,379548.0342737722,537.508658950483,270.32443531827516,170.4298826040555,141.40952380952382,182.71609853197313,69,4.739130434782608,0.012855081269937719,0.04602764696946681,0.015209630867385691,0.1253797660641045,0.08478277381133222,0.2025862068965517,0.07012380373689807,0.07692161628436883,0.28442579371107396,0.08168768038888045,2.885691599954711,2.801928943973542,0.044879738970932316,2.8052387855270804,5.703008047293725,6.999991861971584,6.999993361614485,7.0,6.99999999093444,7.0
28.jpg,Channeling,0.882971,0.07997541,-5.43199348449707,58.122375,1696.9181862386838,0.4453349462075182,0.10105886417101839,0.7931100943197316,427828.236503856,765.1303899673595,333.10610932475885,208.5621712602567,198.13100064006827,285.88945472612096,56,5.089285714285714,0.0019175455417066154,0.01344161825804147,0.002556727388942154,0.13501776549545993,0.10884890869099317,0.3137818885943639,0.032974263530915725,0.08867708157088339,0.28530069746019215,0.017483503468501495,2.4764705238085796,2.8440622355482077,0.04871390669227258,2.837943399962301,5.780675943540851,6.999999432637712,6.999999876310637,7.0,-6.999999999978688,7.0
29.jpg,Channeling,0.8754028,0.109327994,-5.647970676422119,42.576027,2059.266639586151,0.3609112538628956,0.09284982019420251,0.7615626675674045,422996.2583979328,985.4249591468134,564.341384863124,326.63934079864777,232.7868572647749,304.87504671732904,69,4.608695652173913,0.01292534951200211,0.03860647397972642,0.015582017560387384,0.1318159550815842,0.15127934581904512,0.23410709575309946,0.07791008780193692,0.06317594302294909,0.2053547876549723,0.06924294381429702,2.918163114018126,2.8872537969237264,0.06123781768371394,2.8386394996981745,5.783015044330598,6.999999899604443,6.9999997157916924,7.0,6.999999999672851,-7.0
32.jpg,Channeling,0.84688437,0.11027375,-4.470766544342041,23.803423,1642.517951735162,0.5208839605307953,0.2391861324118438,0.9094478493010437,507041.0916112422,796.9373696699504,349.9248512984187,203.91965290053028,202.4803953871499,195.4564937848264,52,7.211538461538462,0.01059270883631096,0.0372253742153549,0.013821825205214872,0.10800941574118783,0.08163326895219701,0.17361781747947852,0.06209258812168035,0.0643258087880251,0.3807188556253018,0.06796233703524868,2.709676402367216,2.892836805666434,0.04193730675878639,2.8574541984005557,5.83581343068285,6.999956922826711,6.999981614056934,7.0,6.999999982098097,-7.0
26.jpg,Channeling,0.8514832,0.04811333,-2.4192686080932617,24.465923,1433.1497955789328,0.4395026408892464,0.13131962701060576,0.8557948152884708,382445.70696557243,524.6587571558948,288.5504300234558,173.88556302178782,151.99669830788278,230.11423821398884,74,4.743243243243243,0.012007389162561576,0.04321211243117937,0.01653506230078238,0.12637641263401914,0.10114821790785279,0.20580991017096495,0.0776224282816575,0.07235221674876847,0.26874456679223413,0.07619168356997971,2.903971700624962,2.825384156696683,0.044243287955810374,2.8235975472158694,5.7504933600975265,6.999995230861643,6.999998989437392,7.0,6.999999999394366,7.0
15.jpg,Channeling,0.5916232,0.15766178,0.5005125999450684,-0.8730662,1155.9740575701815,0.5324387996454824,0.338760525248391,0.8278763830327733,198433.16571909876,229.55412702494215,87.61152528712472,49.807700399747525,52.55972696245734,114.8560157790927,40,8.625,0.0010124493775311235,0.009430778461076946,0.0022686365681715915,0.08849557522123894,0.08750187490625469,0.2081708414579271,0.020211489425528723,0.050116244187790614,0.5206802159892006,0.012111894405279737,2.0794472545326173,2.6691964783773034,0.05307417881465634,2.643928988817311,5.416260201610331,6.9995742967712715,6.999620677090753,6.999999999999965,6.999999268377085,-6.999999999999998
42.jpg,Turbulence,0.6866075,0.1761492,-0.5718895792961121,-1.2874252,1576.6020819634798,0.758327739243966,0.42972590351824264,0.9018964417487826,203080.06939681259,514.5177731958763,237.9468064453504,151.1737545565006,137.77832613612995,137.95505086349658,48,7.0,0.004329004329004329,0.008207070707070708,0.0026875901875901874,0.047763347763347765,0.052759740259740256,0.09826839826839827,0.012518037518037518,0.03513708513708514,0.7256493506493507,0.01268037518037518,1.540724132083408,2.823204923760187,0.03939778275306288,2.6945345238130627,5.474776313818035,6.998277319554812,6.998427860777035,6.999999999999402,6.999997326836595,6.999999999999994
39.jpg,Turbulence,0.6228253,0.21385984,-0.5487988591194153,-1.3971049,1176.7289912670492,0.7475033238855057,0.4373897907008133,0.9231564144700469,192762.75241157555,409.24062758051195,152.2322055832871,109.97316495659037,107.48239082310324,100.46602894285013,36,8.75,0.004972077103224644,0.008809223563321924,0.0033687623851558278,0.04314537921095298,0.06546568185912448,0.09072239236173663,0.015150423347144658,0.02860745811565484,0.7267159070437759,0.013042695009908125,1.5476994857652588,2.8534992257153977,0.03503295828272275,2.682599490276786,5.4695095468284265,6.994120163201094,6.995216383672125,6.999999999994096,6.999991830733245,6.999999999999731
38.jpg,Turbulence,0.6627284,0.19004788,-0.5596805214881897,-1.2718141,1302.6119387743363,0.5273109579359804,0.31744530845108127,0.9174917166515663,223013.67116396068,468.1640276086074,207.197246875566,129.9386455720625,125.10698776154757,105.02564102564102,47,7.723404255319149,0.010549419427924102,0.03014372698952138,0.01607193429623336,0.09997167941093174,0.09572359105069385,0.1560287453979043,0.052552393089776266,0.046799773435287455,0.4400134522798074,0.052145284621920134,2.5651110381450577,2.874407285300984,0.04179292691362811,2.700813784502802,5.505205662530282,6.995861147234902,6.996768331369427,6.999999999997262,6.999994784573912,6.999999999999834
41.jpg,Turbulence,0.6803,0.17439708,-0.6257430911064148,-1.043942,1415.453802964438,0.576346813979133,0.3699323728313524,0.9147342694862255,234237.1948667325,580.9576495879613,259.0915869670935,175.94205897568546,146.6455807415217,152.30070078572945,47,7.212765957446808,0.010273542882238534,0.028405169709517536,0.012673317021143108,0.09006211180124224,0.08276868059476755,0.14340611079741514,0.05075600727774641,0.04659953572997051,0.48746784616349836,0.04758767802246063,2.4445587466590535,2.8430853223141144,0.03999683097957882,2.700599418226773,5.492289350975223,6.998645190958525,6.998617031699778,6.999999999999563,6.999997663994028,-6.999999999999994
40.jpg,Turbulence,0.6811397,0.17183563,-0.6110608577728271,-1.1147321,1438.8775914261496,0.6333953008889871,0.36277256625379234,0.9126832499333237,227574.21027667983,532.2317439390611,235.648982315649,153.3054867256637,144.41173294943314,134.09918962722853,48,7.3125,0.004521404521404522,0.01146384479717813,0.0028699695366362033,0.09166265832932499,0.05938752605419272,0.17091550424883759,0.017893217893217895,0.06758056758056757,0.558970658970659,0.014734648067981401,2.052177830278472,2.769069083137364,0.03722581030924095,2.6993201391527184,5.488827875525082,6.9986262744097925,6.998627756876736,6.999999999999565,6.999997679930855,-6.999999999999995
37.jpg,Turbulence,0.539763,0.25836492,-0.5507693290710449,-1.3033366,922.188260749392,0.5497501986255812,0.3152440027624172,0.9347391713898435,166658.69227251943,306.2352074637859,137.78541400109668,82.33553912028026,83.35432443204463,77.02420630093663,34,7.852941176470588,0.005100948847827638,0.011985446243846757,0.0037811229221659413,0.08805379182421345,0.08923093386601984,0.17172005421987588,0.028643789683955197,0.06925519012627523,0.515713062709567,0.016515659556253122,2.2060636996070824,2.831943234312173,0.033607909133559724,2.7087041751276404,5.5460357508314555,6.99499713741513,6.995746773526947,6.999999999995438,6.999993292678158,6.999999999999851
64.jpg,Roughness,0.752445,0.22684923,-1.9110568761825562,2.6628199,1672.5988169851944,0.364927243649509,0.16976626699879538,0.896299109063031,239444.5575757576,345.6086328162636,155.94160583941607,112.02632197414806,152.94811994288435,116.58424566088118,45,7.333333333333333,0.0026688182720953327,0.010054617676266137,0.003558424362793777,0.1023667659715326,0.19532025819265145,0.27081264481959616,0.05455561072492552,0.062148295266468055,0.2852325388944058,0.013282025819265145,2.5026977318712555,2.7360556464875123,0.050512549246455755,2.7686667897251267,5.629376469403061,6.99976268389649,6.999671952797958,6.999999999999979,6.99999950800733,7.0
44.jpg,Roughness,0.89098775,0.09032184,-7.246196269989014,69.14001,2355.894853007019,0.39110512282487414,0.1207004144988985,0.7974947242156243,353323.36377952754,843.3639421765615,518.8492678725237,289.23678365171037,274.35547576301616,213.44608028186738,62,5.516129032258065,0.012629318758539919,0.04019129416357603,0.017353113410111264,0.12662502439976575,0.12728869802849893,0.21378098770251805,0.08065586570368924,0.063009955104431,0.2444075736872926,0.07405816904157721,2.918539577477203,2.868336535431684,0.06069845345507827,2.7879718291156697,5.650254617244588,6.999998510519028,6.999997667840156,7.0,6.999999996592414,7.0
48.jpg,Roughness,0.85052776,0.03894368,-1.7685869932174683,44.299496,1960.3257942988314,0.6686884445210418,0.44796187549637184,0.8166976774989219,325775.1592356688,503.18741058655223,257.11045281421923,144.50437828371278,206.2001771479185,158.86128105880883,61,6.245901639344262,0.0016783378667746976,0.00881609661052916,0.0036074618515732006,0.07429056465459034,0.08536373632733375,0.14750081987769353,0.0181723479368019,0.033508883615949996,0.6162972394235777,0.010764511835175647,1.8638828939492234,2.7147735410319624,0.043443068969304326,2.7664958098615706,5.610844256692036,6.999995447792628,6.9999969119613406,7.0,6.999999995818083,-7.0
47.jpg,Roughness,0.8585708,0.064578116,-4.342442035675049,44.02003,1696.4634442401668,0.4936821032691874,0.2552854031511397,0.9097662808954361,398985.22302706825,596.9179803850345,296.7663143767824,191.4121180003533,187.1804457225018,164.34366017246887,52,6.980769230769231,0.009812667261373774,0.031285841722951443,0.01401809608767682,0.10953230533962023,0.10684019370460049,0.18414680769720912,0.06566203644704983,0.05263157894736842,0.3721326621638843,0.05393781062826558,2.691312404550364,2.80117432365361,0.04235582185664461,2.780207604554514,5.641488490361041,6.999998281978665,6.999998471423858,7.0,6.999999997904218,-7.0
56.jpg,Roughness,0.83675337,0.34017244,-2.0070226192474365,2.094473,10059.49082730551,0.4343475987455103,0.2169582784044595,0.6094688679358601,343232.0245210728,6730.536585365854,3596.7154861944778,2063.7218543046356,1506.7098129859214,1326.3865067110107,132,4.704545454545454,0.021052631578947368,0.059350114416475974,0.01039816933638444,0.07934096109839817,0.0774004576659039,0.15093821510297484,0.058105263157894736,0.057867276887871855,0.3542151029748284,0.13133180778032036,2.8065520915961377,2.9912142933923906,0.22250817685417015,2.74905854752151,5.562651159658944,6.999837411588451,6.999876473850133,6.999999999999996,6.999999799400672,7.0
58.jpg,Roughness,0.8873141,0.08560316,-4.031549453735352,24.64828,2086.632879465322,0.40464052768822495,0.16000491500034134,0.8568252366796094,324682.23243120307,578.2220048899756,267.2845603507962,197.80143884892087,210.52549781447306,162.37430786267996,51,6.588235294117647,0.0025271831464492014,0.013570336391437308,0.00431107713217805,0.1297145769622834,0.18098029221882433,0.28346924906557935,0.04177285083248386,0.05961179068977234,0.26594886170574245,0.018093781855249746,2.530741074616374,2.836116087880556,0.05360098709164505,2.7875551201224797,5.651008068870506,6.999998763975675,6.999997206084518,7.0,6.999999996137748,-7.0
43.jpg,Roughness,0.89884853,0.0515368,-5.235891342163086,93.95345,1864.4791130113233,0.47355295573128453,0.12543432699369045,0.8287132211375994,353629.7233201581,490.6784595540814,279.3070041457561,155.68967843489995,228.52782193958666,180.03252032520325,50,5.7,0.001283266208639343,0.01261549395877754,0.002388849403774777,0.1476545842217484,0.08627497433467583,0.2849640685461581,0.03379925767985469,0.10246387112058754,0.3137289741767354,0.014826660349048408,2.458005849290547,2.739441115820792,0.04651329915147742,2.788816407269733,5.651444477921206,6.999994148226699,6.999993443194755,7.0,6.9999999904378765,7.0
67.jpg,Roughness,0.9038819,0.031032752,-3.673049211502075,111.324715,1813.548882281689,0.5367110502353717,0.13115299732650945,0.8002156080819488,377421.950917715,538.5387372484147,229.4155985227026,153.7671695564062,147.15052296498408,230.71645634818438,53,5.716981132075472,0.0013100436681222707,0.01258435887256848,0.0015283842794759825,0.13955934894799524,0.04515680825724494,0.255180627233029,0.019035331480746327,0.11117506947201271,0.4001587931718936,0.014311234616911472,2.2849311380085737,2.7386270023829504,0.04339316735648981,2.8041732326618174,5.688608465773794,6.999999479337169,6.9999997254372985,7.0,6.999999999616779,-7.0
61.jpg,Roughness,0.7963241,0.2126369,-1.5072143077850342,2.4522257,2530.783968240071,0.414371747755985,0.19781406911380828,0.858010525446273,286831.6923076923,903.1314285714286,427.53721973094173,288.2017277609152,251.03238095238095,216.78643320005514,41,8.560975609756097,0.0031799828448293896,0.012301512583945271,0.004163267013954267,0.10037866900981192,0.22502562815121654,0.24203435218310007,0.02845247808531559,0.045712253394422475,0.31898156865206384,0.019770288081340615,2.437185022138946,2.8520000563428036,0.06642103249645719,2.738357415120041,5.5556988522661594,6.999606800064517,6.999487129570687,6.999999999999947,6.999999161877857,-7.0
55.jpg,Roughness,0.9324324,0.20697582,-4.146365642547607,15.641346,4541.875589299111,0.5582761721878227,0.255258835794142,0.788482523608045,405008.31133155286,2511.3896642138207,1116.2416749750748,648.3973509933775,631.9748374921368,532.7092265782305,76,5.7631578947368425,0.002484472049689441,0.013134819145049324,0.0017902813299232737,0.10352575812933869,0.06434051881622214,0.22884545122396785,0.02422360248447205,0.08792473511143588,0.44546949214468395,0.02826086956521739,2.3037243182851688,2.91829030606421,0.0945239656521424,2.7982728261824246,5.661069791106273,6.999949969044898,6.999964162372561,7.0,6.999999948315929,7.0
70.jpg,Roughness,0.84552926,0.070943415,-3.6245129108428955,35.32439,1702.9242178236154,0.47327192570058135,0.12557366867375308,0.8158147014052574,291104.71337579616,495.35375609756096,254.87848743370995,145.24940842404163,200.32719445108825,136.09224652087474,50,5.46,0.0018009812242532138,0.01233775643281512,0.002877429772082721,0.1363570497029416,0.09812242532138199,0.2803320429751382,0.027532241704100856,0.09228476204276813,0.33340923675657774,0.014946074067940464,2.432803609907831,2.721175872789317,0.04628865660492193,2.753790413909009,5.5809716052027944,6.9999962706501835,6.999994944883362,7.0,6.999999992357149,-7.0
51.jpg,Roughness,0.88589793,0.067993276,-5.972919940948486,77.89615,1862.5875212694518,0.42876360631863536,0.16950734847187202,0.8200709309876388,473018.2412797156,633.7114362789176,276.1275881365417,172.45146014206787,182.1033581339232,272.54558645707374,58,6.362068965517241,0.0020247993119266055,0.014245269495412844,0.005554759174311926,0.12005447247706422,0.19540209288990826,0.23564721903669725,0.038184489678899085,0.04158901949541284,0.328895498853211,0.018402379587155963,2.4703179406416633,2.827546822354745,0.04976347702467084,2.8714948430793226,5.860503511682446,6.999986389216757,6.999987977528672,7.0,6.999999986423292,7.0
57.jpg,Roughness,0.9227657,0.21695547,-3.8610823154449463,13.415123,4754.180385311584,0.5294653774486452,0.24152834180618596,0.7782745106590087,386287.6648564779,2525.860013860014,1169.6144380639869,736.2308018667798,618.9370569280344,547.150018162005,75,6.0,0.0028999607102097326,0.013826264289322533,0.0021702931766730904,0.10763531590862317,0.08666205167542891,0.22584145634155925,0.029878950027128665,0.08050665120020954,0.4202510804692324,0.030327976201612754,2.38825380464212,2.93750281207787,0.09981796701202081,2.7890648545504666,5.6412405942783,6.999948679271892,6.999963028805558,7.0,6.9999999453588915,7.0
59.jpg,Roughness,0.88147587,0.10791933,-4.844644546508789,31.248203,2459.3476733457214,0.3475457869236131,0.15039934805144708,0.8296576826371581,316747.6310767833,731.0503711034141,391.3995337995338,261.17156030089785,237.40922473012756,200.64816622507323,47,7.787234042553192,0.012389608162565378,0.03176712681128355,0.018670153476806995,0.12676841292977792,0.18785904141301552,0.2092300437280288,0.07538797907913916,0.04428534682328732,0.2415544885535454,0.052087799022549945,2.8443398816085965,2.8810443307603144,0.06355351990270133,2.7838616435257038,5.642656460868992,6.999996517136087,6.999994331655189,7.0,6.999999991828327,-7.0
69.jpg,Roughness,0.8778071,0.03664441,-1.6748342514038086,51.66594,1877.1297613624872,0.49886672077350197,0.13967303705686038,0.7778915997504144,349096.510782241,541.0859881590076,224.859108054138,138.70845817008527,141.26394052044608,227.20547584572859,57,5.7368421052631575,0.001684663473248356,0.01597385727043923,0.003795567102378826,0.13113988795973044,0.08695299179995129,0.26098075830153444,0.03501258423317366,0.08352277340261427,0.3609239262807502,0.020012990176179263,2.4499379149593277,2.7173925924115245,0.04578980140560921,2.786174101488353,5.652743191595497,6.999999933893837,6.999999982590904,7.0,6.999999999979259,-7.0
72.jpg,Roughness,0.836992,0.06371178,-4.647372245788574,50.41602,1609.912411528617,0.6825383269244726,0.4894414481011245,0.8168382380061345,269795.1051038935,470.2328139321723,233.38288180292497,147.17319536831732,182.4397022332506,141.89704271631982,43,5.3023255813953485,0.0016738197424892704,0.008862660944206008,0.0031974248927038626,0.062103004291845496,0.09757510729613735,0.14334763948497853,0.01648068669527897,0.030300429184549355,0.6249785407725322,0.01148068669527897,1.8289287929794478,2.6849518917222266,0.04292158271820844,2.7432003325747307,5.556839322854363,6.999997362916708,6.9999967231082705,7.0,6.999999994912986,-7.0
54.jpg,Roughness,0.76849777,0.15338968,-3.067655086517334,11.745783,1503.5362781382835,0.29348176954166977,0.11121186174485777,0.8447858364666131,248175.81426202322,344.41486191138483,175.94378074490513,91.14823756639305,108.54549890217126,107.70625763540112,63,5.904761904761905,0.0015652431414852888,0.015419760137064534,0.0056264145356092815,0.12741925249064026,0.2212703851767244,0.2616917317088648,0.05554497958838336,0.05114537724474903,0.2369651204602661,0.023351735516212956,2.585640725103589,2.8451153040713506,0.06228331678992969,2.7105945984787274,5.495076361065872,6.9998742142159545,6.999842802484592,6.999999999999995,6.999999723311015,7.0
49.jpg,Roughness,0.9041211,0.06629461,-7.123635768890381,94.676094,1881.0761497285741,0.4017194510737872,0.11376655582833402,0.8247843417947845,507841.196919692,677.9247855023655,276.4949053857351,182.03785245268443,165.4689532820816,319.9240806642942,53,6.735849056603773,0.002230417983842641,0.013681067790656832,0.003582718651211802,0.13995433789954337,0.15681419037583422,0.3049174569722515,0.04262381454162276,0.0730593607305936,0.2458377239199157,0.017298911134527573,2.5408327326662974,2.830370491691161,0.04742167873511929,2.88622650871633,5.891543439353454,6.999991018241032,6.99999120569621,7.0,6.999999990432137,7.0
71.jpg,Roughness,0.84114385,0.08728195,-5.089929103851318,43.418633,1979.3111039304224,0.3992199072378308,0.12595926229818064,0.8017490084507769,289901.5619047619,598.873913882989,377.9804144841722,194.926143024619,228.02839564600094,162.193853427896,59,5.593220338983051,0.011009512875184518,0.03823601771362965,0.015601935378054781,0.12916188289322617,0.13088404133180254,0.2182630802033787,0.07220764310316549,0.06529850746268656,0.25260373954403803,0.06673363949483352,2.8828510864087127,2.8002261229272767,0.054243464802464114,2.7515328335610283,5.575668251162005,6.999998076574635,6.999998039212695,7.0,6.999999997283722,-7.0
65.jpg,Roughness,0.8308213,0.1571979,-1.942545771598816,3.0591207,1951.8746179372995,0.3745244777795414,0.17248964271891618,0.8772303577100709,275249.0777202073,467.2448411555811,259.31636363636363,160.84052532833022,170.59582542694497,127.57582184517497,49,7.714285714285714,0.010649254346214056,0.02801351240009887,0.017611436104473924,0.12103485210513307,0.17963664826563402,0.2112136442283925,0.07056933344319025,0.04356513141633023,0.26851775562330066,0.04918843206723243,2.7943283290669316,2.793828499432808,0.05260547226735344,2.7750898994191506,5.630991674794109,6.99976192147706,6.9997441169670305,6.999999999999986,6.99999963040239,-6.999999999999999
46.jpg,Roughness,0.86899495,0.06332781,-3.3948488235473633,26.646801,1569.82292106362,0.5778145059658837,0.29898762385174266,0.9255086385812011,434815.5149677908,540.5261143013399,254.61771058315335,145.36588563001803,223.7269533210641,173.55095412099067,56,6.910714285714286,0.001958673484644598,0.009898029365150563,0.0023324661343859334,0.11221255345234891,0.07401094464878442,0.22427558984480128,0.02627014742382106,0.07730031996650819,0.4591668909422565,0.012574384737298525,2.23812865590088,2.7464737639425874,0.03694793506317905,2.787786759634072,5.657430569417196,6.99999787304727,6.999998194180597,7.0,6.999999997490256,-7.0
60.jpg,Roughness,0.86990947,0.08161308,-3.8793628215789795,25.800417,2178.1734641765283,0.3648180497420899,0.1453314238532645,0.8312511781115296,294428.5196596919,590.568412421851,259.60738581146745,191.83927674535408,179.05654610290372,170.4405614437124,53,6.452830188679245,0.0031460475008862105,0.017236795462601914,0.009283055654023396,0.12688319744771356,0.22959500177242112,0.2375265863169089,0.04767812832328961,0.039857320099255585,0.2610997873094647,0.027694080113434952,2.591460583255949,2.8554424373266674,0.05760660633375811,2.772769474433257,5.620349190347882,6.999998781513472,6.999999629857716,7.0,6.999999999881869,7.0
68.jpg,Roughness,0.90047944,0.054732066,-10.38390064239502,163.98405,1973.2346120952577,0.4072529368694851,0.11217370164017781,0.7903762197883871,380798.4680148576,613.2882711002089,326.24020662935857,218.94062708472316,185.78178539224527,227.9371406669222,65,5.4,0.01392659034580432,0.044789330815531686,0.017742633463157482,0.12777843345528936,0.10987843738935442,0.204473031983949,0.0858806404657933,0.07071481962311657,0.2403320350918604,0.08448404736614344,2.9573145508591905,2.813909636888048,0.050930833521653535,2.804919624674569,5.6908337702125396,6.999999613503275,6.999999830968523,7.0,6.999999999781337,7.0
45.jpg,Roughness,0.87637264,0.05744308,-4.323968410491943,72.10191,1914.002250645949,0.5219800274595254,0.21424070328465739,0.8154289422371582,325507.5128205128,519.525858814647,264.27376425855516,146.30677107323814,192.0596875728608,150.3460440985733,59,5.6440677966101696,0.0016766999313159064,0.013251989818593189,0.003535210698557634,0.11718718435618763,0.11765181204799806,0.2240919558805705,0.031493677023150576,0.059048119267908365,0.41473071795078986,0.017332633024928285,2.362333035413423,2.729862092591109,0.04776430573128699,2.771092310879073,5.615017835400878,6.999985167609553,6.999984714757666,7.0,6.999999976728219,7.0
50.jpg,Roughness,0.8954572,0.105814256,-6.550467014312744,52.23399,2248.054577813797,0.3415863484403728,0.10970050108314731,0.8023754875812452,500440.7410341034,989.698340149146,487.08005822416305,302.42410196987254,251.1050660358762,314.7311981020166,57,6.578947368421052,0.012276080084299262,0.034562697576396205,0.01743940990516333,0.13452757288373726,0.17400772743238496,0.2232876712328767,0.07931155602388479,0.051106427818756586,0.21141552511415526,0.062065331928345624,2.890976968801774,2.8988204772178907,0.06016310673522312,2.8863578236811316,5.89297962893188,6.999991153154722,6.999991501761598,7.0,6.999999990775494,7.0
62.jpg,Roughness,0.7653504,0.2503343,-1.5429487228393555,2.0334,4556.3492088762605,0.36085553764270223,0.20107045068855103,0.7607109609110362,265497.0855791962,2312.956620143342,1227.5389023583866,674.8447719944726,517.8755576426391,478.5700272479564,63,6.238095238095238,0.01500515995872033,0.03533539731682146,0.0169453044375645,0.10482972136222911,0.18986584107327142,0.1782456140350877,0.058307533539731685,0.0351702786377709,0.29917440660474715,0.06712074303405573,2.792044393565704,2.971364255001614,0.11497124526829375,2.725172585167284,5.529743978029628,6.999835527609759,6.999744912514283,6.999999999999988,6.999999570968071,-7.0
53.jpg,Roughness,0.8984601,0.08300908,-3.1761229038238525,12.692476,1852.2371173947383,0.3329120273299579,0.11022714624735686,0.8297865952548683,344450.7814784728,492.3977142857143,250.39910011248594,180.29195722919573,209.32770745428974,179.73361300471944,56,5.732142857142857,0.011716043848567587,0.03215289946615592,0.017849138106687316,0.13395003871388403,0.18924976567912302,0.22875830310933615,0.08023961856636375,0.05108195117975468,0.2005786706874771,0.05442357064265047,2.872772784708754,2.8653984404698245,0.054071148976119816,2.778568779872264,5.626433727678124,6.9999812538514785,6.999976429771629,7.0,6.9999999645511055,7.0
52.jpg,Roughness,0.8207635,0.14990397,-3.234071969985962,12.177966,1513.5398636233483,0.3058812642237205,0.11163612161628138,0.8563136474463322,293227.66721044044,369.92270717169777,183.5356248577282,109.40916568742655,152.93093661305582,121.34339023421992,54,5.722222222222222,0.0014193150262264732,0.01314409132983647,0.0030854674483184203,0.13818780211868764,0.1777640645891186,0.3058521032603106,0.04825671089170009,0.07197367067777435,0.22122801604443074,0.019088758613596626,2.55635387055661,2.854244668011547,0.05572770021595392,2.7471529982196636,5.56871546931075,6.999902030425958,6.999877537995925,6.999999999999997,6.999999802565058,7.0
66.jpg,Roughness,0.7321683,0.21632224,-1.9382386207580566,2.800321,1670.80541943391,0.41616551188148626,0.2024140011210583,0.8942776386137371,220062.2946708464,349.3207438096156,171.86861313868613,110.31163337250294,123.32413136601619,97.71748998664887,43,7.883720930232558,0.002875703409467064,0.0123924197285667,0.004779046673286991,0.09725670307845084,0.1874172459450513,0.21691906653426019,0.04421135385633896,0.04305279708705727,0.37245531281032773,0.01864035087719298,2.429678300886388,2.8322376537476743,0.051325032896702365,2.747134455863233,5.583396518518105,6.999738231123675,6.999652258230095,6.999999999999976,6.999999448922181,7.0
63.jpg,Roughness,0.7968019,0.20815955,-1.5437941551208496,2.6050491,2620.167465371459,0.4329633043071053,0.20745493864795106,0.8548607875287049,271561.1517509728,955.4164788870384,453.1358933088066,283.04615384615386,244.66455232983654,217.3922371206775,43,8.30232558139535,0.004268554268554268,0.01302016302016302,0.005255255255255256,0.09815529815529815,0.2188974688974689,0.20881595881595882,0.0283998283998284,0.04330759330759331,0.3572930072930073,0.022586872586872586,2.4313528085974734,2.8943369914089656,0.06914993695589707,2.727551389629669,5.5304763996535335,6.999558851979714,6.999445721200615,6.999999999999937,6.999999065932338,-7.0
80.jpg,Pillar,0.83472836,0.23927657,-2.6228835582733154,6.310672,5770.603652132621,0.3507436574408596,0.13680111289167848,0.6540696140974388,322828.4523057486,3153.9687528889713,1778.8445221954953,953.7727375822182,727.0670339761249,742.6926474408938,91,5.406593406593407,0.015198237885462556,0.042330796956347616,0.014016820184221065,0.10664797757308771,0.16659991990388467,0.2063676411694033,0.06505806968362035,0.04911894273127753,0.2511413696435723,0.08352022426912295,2.8859725254531874,2.9778311033040907,0.1381921773872781,2.7354355734263223,5.5410437279078355,6.999987226002651,6.999999067239592,-7.0,-6.999999999012266,7.0
85.jpg,Pillar,0.85211056,0.071355894,-3.078777313232422,34.75192,1845.8685434828224,0.39721477382730214,0.14356779038916742,0.8498905556641411,342638.1821335646,577.5229915906244,228.78114478114477,163.24291052978677,153.59429971053217,197.73464940392256,48,7.6875,0.0017195896433805568,0.010278456277479238,0.0032242305813385444,0.12646800195407915,0.19157791890571568,0.2917635564240352,0.03364924279433317,0.06321446018563752,0.26571568148510016,0.012388861748900831,2.4658739729628127,2.8973886985527377,0.04932899768853963,2.7671929570363183,5.61159900492635,6.999997886933344,6.999996856393153,7.0,6.999999995197714,7.0
98.jpg,Pillar,0.8192533,0.095131464,-3.4272167682647705,17.460373,1673.2829968246542,0.480240873854592,0.25683749111808724,0.9059453773631101,365400.1223133171,625.6440159887138,242.25608688036434,180.9060277049794,168.05957609318313,178.5820895522388,51,7.588235294117647,0.00893468437628372,0.029063398603313705,0.013145282760509379,0.10694235245789402,0.1287484595371765,0.18475284129809666,0.05990688758044639,0.048832671504861015,0.36996782144324253,0.049705600438176095,2.6690781686082783,2.9212609216408825,0.04447554496994436,2.749930097168404,5.5786917729480585,6.999997669704159,6.999995696025291,7.0,6.999999994512474,-7.0
86.jpg,Pillar,0.8505787,0.08149254,-4.46185827255249,44.346672,2069.723716088702,0.3600111543154763,0.14270771678545677,0.8335800951836627,341124.579358196,710.103417427089,328.41750841750843,211.7247746757529,176.3669561344912,221.34598128445072,50,7.68,0.009672691744015633,0.029311187103077674,0.016160234489496824,0.12513922813873962,0.18628236443575966,0.22288226673180264,0.06847093307278945,0.04711284807034685,0.246409379579873,0.04855886663409868,2.802109490950105,2.918305594895491,0.05628078805688816,2.7649169855664035,5.606450170027853,6.999998492521012,6.999997712949344,7.0,6.999999996478905,7.0
101.jpg,Pillar,0.49753287,0.15295321,1.1846470832824707,1.227499,947.3245005062572,0.43268504795014945,0.18600389073683884,0.87323152075366,132798.61371841157,359.88978876179345,157.89408099688472,115.374949000408,102.12681309573145,99.99126425624848,51,6.529411764705882,0.013978337236533958,0.033463846604215454,0.013575819672131147,0.11394906323185011,0.14351580796252927,0.1842615632318501,0.0630122950819672,0.05626097775175644,0.31839139344262296,0.059590895784543324,2.7960330460883736,2.9567646893763806,0.04065696133497972,2.5533189670697354,5.207421507817613,6.999465046536453,6.999339241840109,6.999999999999909,6.9999983710765274,6.9999999999999964
102.jpg,Pillar,0.50746536,0.14990535,1.1552956104278564,1.1211739,951.4424883639368,0.6350625434675875,0.30226369594270314,0.8749127132422417,133195.82006920414,345.00904591227174,145.37014805922368,97.87802840434419,91.58972180930134,88.70996529499256,48,6.8125,0.0050374531835206,0.012415730337078651,0.0024344569288389513,0.07606741573033708,0.10119850187265918,0.13089887640449438,0.015711610486891386,0.04962546816479401,0.5902621722846442,0.016348314606741573,1.994454034284998,2.9114065097755573,0.03656683530598301,2.5578914950797,5.213918666875773,6.9995466954320875,6.999442242734587,6.999999999999935,6.9999986339573566,6.999999999999997
88.jpg,Pillar,0.6488219,0.23411511,-0.20692339539527893,-1.0918541,2016.8178498504778,0.4537960226598549,0.20134069375743366,0.8609484470296175,223130.3521425541,898.6598812553011,412.47549116888274,264.3861611767143,226.92074198988195,218.76606179499754,45,6.8,0.003210838901262064,0.012100965107646623,0.003878990348923534,0.10085374907201188,0.19838530066815144,0.2234038604305865,0.023533778767631776,0.05248700816629547,0.3648663697104677,0.017279138827023015,2.3968953062738048,2.943167960073438,0.05634777223996362,2.6882135124348165,5.474161700526302,6.997973763058045,6.997481738197673,6.999999999998684,6.9999955477400375,-6.999999999999952
76.jpg,Pillar,0.86701787,0.19591151,-3.225247859954834,11.12538,4199.700442458427,0.3617077529372852,0.11149355565209255,0.6666799414637593,306419.3713298791,1667.2241147930215,788.8654970760234,481.55979899497487,404.84627092846273,515.4716767905071,85,5.435294117647059,0.0033223322332233225,0.016303630363036302,0.0038503850385038503,0.11621562156215622,0.20862486248624862,0.2904510451045105,0.034829482948294826,0.05696369636963696,0.24132013201320132,0.02811881188118812,2.549681327055125,2.927552751056285,0.09797820293534867,2.7485132014033278,5.565582425701755,6.999984448065859,6.999996423798298,7.0,6.999999996075449,7.0
99.jpg,Pillar,0.8210824,0.08252165,-4.063316822052002,22.165619,1647.7125320259556,0.7419734274938358,0.47884176116518073,0.908888926261262,352225.43755615456,561.1606084867894,209.76890156918688,152.77773541746092,156.75957240038872,184.46475008946678,44,8.863636363636363,0.0019712855223906634,0.0073966819601207195,0.0019712855223906634,0.04863667288871831,0.07672313033162954,0.10222772709034768,0.010833347870837185,0.027563107304223435,0.7126807738604051,0.009995987648936727,1.5486927786630338,2.9219569149227853,0.03867347461814696,2.74489258258985,5.566596323012511,6.999993089553013,6.999999383419422,-7.0,-6.9999999998715055,-7.0
75.jpg,Pillar,0.5788992,0.21008965,-1.4700044393539429,1.1163273,1270.1779301388913,0.4952052596625809,0.31690652606966896,0.8540806201144463,148936.7002114165,251.28165109354143,103.80638915779284,80.03992015968063,72.72727272727273,133.77188328912467,61,6.147540983606557,0.0025079600471060322,0.008875997731931784,0.0022462598682775766,0.07912068739913639,0.1799624896410346,0.17837048021982815,0.021699306494526106,0.039451301958389674,0.4745496576089327,0.013215859030837005,2.177090348035711,2.880032952472465,0.05419773464347972,2.616091675682326,5.323983292766825,6.9980194090243595,6.997405947367818,6.999999999998639,6.99999439453171,-6.999999999999958
82.jpg,Pillar,0.63196933,0.20073313,0.005009158048778772,-1.1250784,1653.371061915931,0.36745506640784437,0.15755361023739248,0.8575925245562374,188959.94896331738,466.4727958510137,218.43725055432373,126.46281755196304,129.89340220709087,134.99892125134843,59,5.745762711864407,0.003764812376563529,0.011767610269914417,0.006233541803818301,0.1070194206714944,0.26635533245556287,0.23350065832784728,0.02602452271231073,0.04400510204081633,0.2864960500329164,0.01483294930875576,2.436869887595226,2.859424774828498,0.05760740809826818,2.6710869232657064,5.442861102704895,6.99649338449964,6.996291934767492,6.999999999996896,6.9999930541211155,-6.999999999999949
84.jpg,Pillar,0.63104266,0.20047045,0.020220905542373657,-1.2164377,1704.2705567522282,0.45336087034163186,0.19223845766920633,0.8569003626526279,182552.85913528592,503.8011707129834,211.001808318264,134.6500353024241,126.32784538296349,117.86234372853414,51,6.411764705882353,0.004064529645924995,0.012088833019065577,0.006075843285145611,0.0985334171380683,0.21925413785878903,0.1721768279907815,0.020385501780850617,0.044856484391368114,0.4069767441860465,0.015587680703959774,2.3372608315564927,2.9278026716159284,0.05843784337221946,2.6599513114166435,5.416374478817304,6.996323790693449,6.996140649526785,6.999999999996624,6.99999254792207,-6.999999999999937
73.jpg,Pillar,0.7662488,0.106122084,-1.0198649168014526,0.7322216,1574.5170724590862,0.3522269922901442,0.09228705541400316,0.7942237940164608,248653.38302277433,376.828885400314,156.42305021985652,102.26835685242764,113.03574879227052,210.57119784656797,62,5.806451612903226,0.0027861571979219037,0.0111236802413273,0.0034146137087313557,0.13078179989944697,0.21545584045584046,0.30545081280375397,0.03636668342550695,0.0660507792860734,0.2149740237975532,0.013595609183844478,2.501273536513358,2.755509614016886,0.04968285411482496,2.7075098510497138,5.490679923168278,6.999730851872324,6.999703794441886,6.9999999999999805,6.999999476229277,-7.0
87.jpg,Pillar,0.8505527,0.057160553,-3.3303303718566895,51.955986,1950.8231192064502,0.6085785054506541,0.38882488270294496,0.8475288413450733,324600.331277533,580.0848562769768,238.2260644045818,171.43063063063062,153.53860210141616,195.90192736331454,55,7.363636363636363,0.0017018379850238256,0.008128779081407921,0.00284307051615745,0.06989548712609618,0.144095623273135,0.14992191566892243,0.015076282384975773,0.03291554879269611,0.5652504705081488,0.010170984663436512,1.9635154694992025,2.909450962990241,0.047715804633637185,2.7580316496821125,5.590261879804769,6.999999863596875,6.999999987468531,-7.0,6.999999999981195,-7.0
92.jpg,Pillar,0.79495144,0.11036391,-2.1332080364227295,11.310205,1986.2628460698197,0.3178190094377837,0.07233036860000008,0.710143391142806,248786.38415159346,645.6792731882528,342.9563482165128,217.71136131013307,176.65594187856772,243.90796055452336,64,5.53125,0.01263186185580864,0.03823153934018679,0.02002284485654774,0.1370691392864342,0.17695805057224126,0.2311137987412932,0.0826670250173576,0.05377500055992295,0.18210934175457458,0.06542139801563304,2.9251273278082035,2.8715265636186524,0.06255095923239028,2.705817881925209,5.482872369859878,6.999834042471848,6.999808041425969,6.999999999999992,6.999999658108388,7.0
93.jpg,Pillar,0.7997955,0.10224818,-2.121868133544922,8.951643,1823.013531394564,0.5278371550699655,0.3029404786427903,0.741302154828908,239786.4353859497,472.61538461538464,215.99385403329066,152.7850565640621,123.50399148483235,216.9164594001463,53,5.60377358490566,0.0022042109613574267,0.010630725782380088,0.0030996716644088812,0.08846692535531421,0.15273345119739168,0.21631116111404497,0.02364934677289739,0.0476201409776594,0.44031410006199345,0.014970266112552522,2.2650640042457324,2.809594005947905,0.052132117324924454,2.701999405453691,5.472541488614336,6.999885730465104,6.999865349497897,6.9999999999999964,6.999999757060453,7.0
90.jpg,Pillar,0.6520403,0.2313688,-0.25734859704971313,-1.069301,1956.8493215842175,0.5615257433191388,0.24737109080505446,0.8680757749324634,216741.37196420963,823.4889822515647,410.17772416566146,281.84125654450264,229.66432075069312,206.52853075875728,44,6.340909090909091,0.004164165666266506,0.011010654261704682,0.0041266506602641055,0.08140756302521009,0.15476815726290516,0.16005777310924368,0.018157262905162064,0.04398634453781513,0.5059648859543817,0.016356542617046818,2.1691372823433785,2.97868056225651,0.054847023048534234,2.6822088694297825,5.459075288994737,6.997897413181314,6.99745063731934,6.999999999998634,6.9999954164434754,-6.9999999999999485
97.jpg,Pillar,0.81951,0.092802495,-3.1938562393188477,15.418682,1614.0011756316492,0.5306295445902686,0.2593931246195599,0.9093514817450471,367235.23090430204,557.7635214235542,209.1872399445215,149.7327154772938,148.81606364841826,166.08620889973278,45,7.666666666666667,0.0025144410465511384,0.009582059123343527,0.0027353041114509006,0.11026163778457357,0.11024464831804281,0.23408086986068638,0.023853211009174313,0.0700135915732246,0.42417601087325857,0.01253822629969419,2.302266804815928,2.8984261466735743,0.040767727086713466,2.7514371935792727,5.582516407988844,6.999997549167427,6.999993850029069,7.0,6.9999999915407365,-7.0
95.jpg,Pillar,0.48740044,0.16047972,1.3757576942443848,2.036275,1143.0728131018666,0.46718771393076824,0.200086384109847,0.8513881145999344,128674.63203463203,509.5809762202753,227.44052692754747,132.95618504177705,114.76457166562953,130.364896073903,41,7.390243902439025,0.012982494689811762,0.03436973558924778,0.012890939720208014,0.1098293415366586,0.12561341829634512,0.17675602431699994,0.058833223467369807,0.05630630630630631,0.3492822090383066,0.06313630703874606,2.753118300643981,2.9380822741935577,0.04256315996203985,2.558084341790694,5.228342489866056,6.995921700434393,6.995956161907217,6.9999999999961835,6.99999047461645,-7.0
81.jpg,Pillar,0.86131203,0.17944594,-3.220001459121704,12.252029,3385.8287292276013,0.4659752171086151,0.18327825108626736,0.7699971550771819,325467.59608010226,1420.113372645996,693.0244668911336,397.2830188679245,335.3847605567351,365.34254584108425,86,4.9186046511627906,0.002997454216966412,0.013488543976348855,0.0028742711669540936,0.09602118748460212,0.17664449371766444,0.2251375544058471,0.025273055760860638,0.04878048780487805,0.38486490925515315,0.02391804221072514,2.389549818954205,2.9401952751623135,0.081883231202881,2.735383519065323,5.536911858859551,6.999968452224784,6.999957638185248,7.0,6.999999931694053,7.0
89.jpg,Pillar,0.63789177,0.24143603,-0.29155233502388,-0.8802781,2419.5993105781968,0.4032963772923552,0.19585649439593245,0.8349604803550524,215986.89010526316,1162.7188660141749,610.2405063291139,345.8789506300351,283.3968454258675,282.10956902848795,45,7.133333333333334,0.013026607538802661,0.029397634885439762,0.014042867701404288,0.11077235772357724,0.1772357723577236,0.19279379157427937,0.05709534368070954,0.043828529194382855,0.3106430155210643,0.05116407982261641,2.7464580904839138,2.961256002069732,0.06624876919600636,2.684385919407768,5.466560741904479,6.997898157836803,6.997441997301099,6.999999999998628,6.999995448922512,-6.9999999999999485
83.jpg,Pillar,0.6301449,0.20254363,-0.018327392637729645,-1.05796,1732.6820628093653,0.3358400740022043,0.1565617780608062,0.8517823309905558,187648.08749145592,531.0280056577086,270.90022172949,167.5381062355658,159.2411364169993,146.82200647249192,55,5.945454545454545,0.009772053982883475,0.025386767610269916,0.015450131665569454,0.12028884134298881,0.23712146148782093,0.2020243581303489,0.057377386438446344,0.03723666886109282,0.25193383805134956,0.043408492429229756,2.7296495394817737,2.9048322882572,0.06175426553514024,2.6708807714996508,5.442895817813434,6.996555683485829,6.996331572761575,6.999999999996973,6.999993127947365,-6.999999999999948
96.jpg,Pillar,0.49547392,0.15634963,1.4674861431121826,2.08712,1002.3965189969864,0.661131855394339,0.31879791508387484,0.8695181947131353,126657.59537057646,380.14056399132323,156.88529886914378,112.08817295464179,93.26501614639398,111.31243680485339,50,6.6,0.004870624048706241,0.010559360730593607,0.0026445966514459665,0.07231735159817351,0.0914193302891933,0.12243150684931507,0.013641552511415526,0.050570776255707765,0.6166476407914764,0.014897260273972602,1.9126805917731267,2.9269846315816856,0.03582605745478647,2.5604619434709694,5.2305836712563245,6.99622681628827,6.996372479753433,6.999999999996883,6.999991532383498,-6.999999999999987
79.jpg,Pillar,0.87400895,0.17246352,-3.31976318359375,13.398684,3220.3619756606818,0.4242844229382183,0.14993855264978395,0.7795710541666142,348708.0362181512,1467.852454469816,587.4060791602886,375.52279428441824,314.44628099173553,375.68615224733696,76,5.131578947368421,0.0020624749699639567,0.012274729675610732,0.002603123748498198,0.1105927112535042,0.1726071285542651,0.2827993592310773,0.027192631157388868,0.0645374449339207,0.30504605526631956,0.020284341209451343,2.4559170616094055,2.9346758900166146,0.076704572028745,2.7496634036275664,5.567674895924263,6.999964761703299,6.9999531543246025,7.0,6.999999926920195,7.0
78.jpg,Pillar,0.85248226,0.2039502,-3.06375789642334,9.742303,4576.329041060191,0.42191417092819067,0.16031348040236784,0.6544206389847643,282821.86152497807,1801.465363365916,872.4651396929272,559.4349059035834,454.71048513302037,499.13511947863867,80,5.4375,0.0049036223532867825,0.017083587553386213,0.004180507536212234,0.10094230899600028,0.19546697399046392,0.22337468646193478,0.026348496147153865,0.04589519354620026,0.34951302736537637,0.03229159604998531,2.480530057186677,2.9307364809019028,0.10591952716520514,2.7336654172581425,5.5344517057137095,6.999965437710019,6.999984707274287,7.0,6.99999997649132,7.0
77.jpg,Pillar,0.8334338,0.24751113,-2.5747761726379395,5.786003,6399.7947677496195,0.30333985711113126,0.10247667696211236,0.5798539134933752,288149.7972012917,3082.506584992343,1776.8668432458464,959.8090502237693,720.7829360100376,772.4817927170868,100,5.13,0.01812636165577342,0.04357298474945534,0.015250544662309368,0.11366013071895424,0.19065359477124183,0.2087363834422658,0.06601307189542484,0.046971677559912856,0.21592592592592594,0.08108932461873639,2.9155770004546118,2.9773027822196614,0.15024476824642086,2.7396301155428806,5.5502610238858905,6.99992322421995,6.999955785163421,6.999999999999999,6.9999999326990014,7.0
94.jpg,Pillar,0.48999834,0.1600525,1.4718393087387085,2.0185165,1014.6716587009483,0.5647147063637729,0.21590845555974877,0.868339607427333,128595.85159620362,395.9435862995299,166.21334899197495,112.17704918032787,91.24441661448549,112.86433634808115,46,6.782608695652174,0.005304844354393074,0.013519985264321238,0.0032234297292319026,0.09797384417019708,0.11149382943451833,0.1707865168539326,0.012470068152514275,0.07323632344814883,0.49484251243322896,0.01714864615951372,2.2253178462722603,2.9264081485877753,0.03665070112083893,2.556511145212942,5.223894011912578,6.995826774254909,6.995884392177978,6.999999999996035,6.999990248106922,6.999999999999993
91.jpg,Pillar,0.796584,0.10422045,-1.6063328981399536,8.216313,1720.1259512735503,0.3882961298021492,0.0726437380318196,0.7279124246435787,247317.97756686798,514.8356164383562,228.40070653545294,154.6790793897078,138.8176100628931,254.78024833958995,64,4.5,0.002873433187022037,0.01368840219014435,0.002715054979863342,0.1358206253676637,0.15238246074483008,0.32474320104982124,0.03656274039549301,0.0823792931806869,0.23139056065885333,0.017444228245621973,2.525606398872829,2.8107611603757388,0.054409811751556535,2.7043591924708084,5.4793805185121,6.999810336075822,6.999783082764744,6.99999999999999,6.999999611663638,7.0
100.jpg,Pillar,0.49764326,0.15210737,1.2330249547958374,1.2521954,916.4328480330983,0.5217386837343797,0.19807273646021772,0.8766397514953727,133079.2541940964,327.34207230525175,146.6043613707165,94.66829865361078,84.54206382096974,92.92501819946615,50,6.66,0.005781615925058548,0.014124707259953162,0.0025980679156908664,0.10483752927400468,0.133361387587822,0.18889051522248243,0.018259660421545667,0.07166642271662764,0.4415983606557377,0.018881733021077284,2.3418407468194262,2.949899751565245,0.03694036857002937,2.553057857150679,5.207107385512331,6.999447893786646,6.999335671903717,6.999999999999908,6.999998360903003,6.9999999999999964
74.jpg,Pillar,0.76946443,0.10818671,-1.2303401231765747,2.042902,1620.2424926724268,0.3212450954401989,0.10040674490777851,0.8073285395020661,251747.35867768596,430.50699844479004,219.89856065798492,138.6187662491137,132.87006460875807,192.09395435740024,63,5.809523809523809,0.009544558564166408,0.030604834526403155,0.018093163191202407,0.13713040771864302,0.1993982778296504,0.23048034028426184,0.07361759518622264,0.048469758273679844,0.20253138292353978,0.05012968150223052,2.8394424538925347,2.8251517976653613,0.053085905410153414,2.7085351486447666,5.4921359665249385,6.999731954094098,6.999703372308174,6.9999999999999805,6.9999994765183144,-7.0
